Workbook
Name climate: #REF!
Name climate: #REF!
Name climate: #REF!
Name cooling: #REF!
Name cooling: #REF!
Name cooling: #REF!
Name interfaces: #REF!
Name interfaces: #REF!
Name interfaces: #REF!
Name package: #REF!
Name package: #REF!
Name package: #REF!
Name profiles: #REF!
Name profiles: #REF!
Name profiles: #REF!
Name profiles: #REF!
Name profiles: #REF!

Sheet Cover
H3: Document ID | I3: =F18 -> ELM-803-FS-0001
H4: Author | I4: =F19 -> Safety Manager | J4: =Cover!$G$19 -> I. Kök
H5: Version | I5: =F20 -> B2
H6: Status | I6: =F21 -> approved after review
A7: FMEDA
A9: ID803 - Vega
D18: Document ID | F18: ELM-803-FS-0001
D19: Author | F19: Safety Manager | G19: I. Kök
D20: Version | F20: B2
D21: Status | F21: approved after review
F30: Name | G30: Role | H30: Signature | I30: Date
D31: Prepared by | F31: THLN | G31: Consult | I31: 45910
D32: Reviewed by | F32: Fazil Civan | G32: Analog Design | I32: 45991
D33: Checked by
D34: Approved by | F34: Ismail Kök | G34: Safety Manager | I34: 45911
D40: History
D41: Author | E41: Version | F41: Change | G41: Date
D42: THLN | E42: 0.1 | F42: initial setup | G42: 45855
D43: THLN | E43: 0.2 | F43: Description of blocks, SM-list, lambda die | G43: 45856
D44: THLN | E44: 0.3 | F44: excel-FMEDA 803 die FMEDA | G44: 45864
D45: THLN | E45: 0.4 | F45: excel-FMEDA 803 package FMEDA | G45: 45865
D46: THLN | E46: 0.5 | F46: DFA | G46: 45867
D47: THLN | E47: 0.6 | F47: Final | G47: 45869
D48: THLN | E48: 0.7 | F48: Update due to review | G48: 45888
D49: THLN | E49: 0.8 | F49: Update due to MOBIS findings | G49: 45902
D50: THLN | E50: 0.9 | F50: Update | G50: 45903
D51: THLN | E51: 0.1 | F51: Update | G51: 45904
D52: THLN | E52: 0.11 | F52: Update | G52: 45905
D53: Fazil Civan | E53: 0.12 | F53: Update | G53: 45909
... D55: Fazil Civan | E55: 0.14 | F55: Review & update | G55: 45910
D56: Ismail Kök | E56: A | F56: Update to approval | G56: 45911
D57: Fazil Civan | E57: A.1 | F57: Update on Die_PKG Base and Core Block FIT rate tabs | G57: 45919
D58: Fazil Civan | E58: A.2 | F58: Update on SM_List, FMEDA to PIN (Near Short) | G58: 45922
D59: Fazil Civan | E59: A.3 | F59: Update on number of transistors | G59: 45923
D60: Fazil Civan | E60: A.4 | F60: SM coverage updates | G60: 45928
D61: Fazil Civan | E61: A.5 | F61: SM coverage updates | G61: 45933
D62: Fazil Civan | E62: B | F62: All of the tabs undergone updates | G62: 45943
D63: Fazil Civan | E63: B1 | F63: Typos fixed, effects on the systems columns filled | G63: 45958
D64: Fazil Civan | E64: B2 | F64: Typos fixed, PKG FIT rate multiplier removed, digital number of elements changed with NAND2*4 instead of direct transistor numbers. | G64: 45991

Sheet Block Diagram
J2: Document ID | L2: =Cover!$F$18 -> ELM-803-FS-0001
J3: Author | L3: =Cover!$F$19 -> Safety Manager | M3: =Cover!$G$19 -> I. Kök
J4: Version | L4: =Cover!$F$20 -> B2
J5: Status | L5: =Cover!$F$21 -> approved after review
A7: =Cover!A7 -> FMEDA
A9: =Cover!A9 -> ID803 - Vega
B11: Block Diagram
B50: Floor Plan
B87: Layout
M94: Die area | O94: Total area[mm^]
O95: Die area | P95: Block area | Q95: Pad

Sheet Description of Block
G2: Document ID | H2: =Cover!$F$18 -> ELM-803-FS-0001
G3: Author | H3: =Cover!$F$19 -> Safety Manager | I3: =Cover!$G$19 -> I. Kök
G4: Version | H4: =Cover!$F$20 -> B2
G5: Status | H5: =Cover!$F$21 -> approved after review
A6: FMEDA
A8: =Cover!A9 -> ID803 - Vega
B10: The System ASIC consists of the following group of functions
B11: No. | C11: HSR Block | D11: Description
B12: 1 | C12: REF | D12: Produces reference for mutliple IC blocks and secondary reference for ADC measurement.
B13: 2 | C13: BIAS | D13: Provides reference currents for multiple IC blocks.
B14: 3 | C14: LDO | D14: Produces supply to IC logic.
B15: 4 | C15: OSC | D15: Produce 16MHz frequency for logic.
B16: 6 | C16: TEMP | D16: Generate voltage proportional to die temperature.
B17: 7 | C17: CSNS | D17: generates voltage 0.4x or 4.0x of V(CSP, GND)
B18: 8 | C18: ADC | D18: Convert analog signals to a digital signal coded on 8 bits.
B19: 9 | C19: CP | D19: Produce supply for switch banks.
B20: 10 | C20: LOGIC | D20: IC main control
B21: 11 | C21: INTERFACE | D21: UART / digital interface
B22: 12 | C22: TRIM | D22: NVM block with configuration data
... B26: 16 | C26: SW_BANK_4 | D26: switch bank

Sheet SM list
I2: Document ID | K2: =Cover!$F$18 -> ELM-803-FS-0001
I3: Author | K3: =Cover!$F$19 -> Safety Manager | L3: =Cover!$G$19 -> I. Kök
I4: Version | K4: =Cover!$F$20 -> B2
I5: Status | K5: =Cover!$F$21 -> approved after review
B6: =Cover!A7 -> FMEDA
A8: =Cover!A9 -> ID803 - Vega
B10: List of Safety Mechanism
C11: SM# | D11: Development specification request No. | E11: Addressed Part | F11: Safety Mechanism / Measure | G11: IC Detection Method or Required Failsafe Solution | H11: Software (external MCU) Proposed Detection Method or Required Failsafe Solution | I11: IC Mitigation Action (action after detection) | J11: Argument | K11: ISO 26262-5 Annex D | L11: Diagnostic Coverage | M11: Comments
B12: 1 | C12: SM01 | D12: SR#83 | E12: REF, LDO | F12: Comparator: VDD Under-voltage | G12: Vega monitors system supply VDD pin voltage. If the supply voltage falls below a predefined threshold, the device transitions to OFF state, and all switches are set to open. | H12: check status registers for fails | I12: Vega resets internal logic and sets all switches to open. MCU re-inits switches after undervoltage | K12: D.2.1.2, tight comparator | L12: 0.99
B13: 2 | C13: SM02 | D13: SR#81 | E13: REF, LDO | F13: Comparator: VDD Over-voltage | G13: If VDD voltage exceeds the max nominal voltage, the switch between CPN and VDD is opened and the fault bit, VDD_OV_FLT, is set to 1. | H13: check status registers for fails | I13: Vega sets the switch between CPN and VDD to open. MCU re-inits switches after undervoltage | K13: D.2.1.2, tight comparator | L13: 0.99
B14: 3 | C14: SM03 | D14: SR#92 | E14: SW_BANK, LOGIC | F14: Comparator: Resistive FET Detection | G14: Resistive FET, when it is supposed to be short. If the voltage across the switch when it is shorted is more than the predefined threshold, all the corresponding bits in the FLT_LEDON are set in the volatile memory. | H14: check status registers for fails | I14: MCU resets IC | K14: D.2.1.2, tight comparator | L14: 0.99
B15: 4 | C15: SM04 | D15: SR#16 | E15: SW_BANK, LOGIC | F15: Comparator: LED Open Detection | G15: Vega monitors open condition across each SW FET. If the voltage across each switch exceeds predefined threshold, the switch FET is closed and all the corresponding bits in the FLT_LEDON are set in the volatile memory. | H15: check status registers for fails | I15: MCU resets IC | K15: D.2.1.2, tight comparator | L15: 0.99
B16: 5 | C16: SM05 | D16: SR#20 | E16: SW_BANK, LOGIC | F16: Comparator: LED Short Detection | G16: Vega monitors short condition across each SW FET and reports if the voltage across each switch decreases below the predefined threshold during the time that switch is supposed to be open, a corresponding register bit is set in the volatile memory. LED short condition is reported to MCU via UART. | H16: check status registers for fails | I16: MCU resets IC | K16: D.2.1.2, tight comparator | L16: 0.99
B17: 6 | C17: SM06 | D17: SR#28, 29 | E17: SW_BANK, LOGIC | F17: Driver Health Check | G17: To check the health of the SW FET driver, the DRV_CHK bit in the OUTCTRL register can be set by MCU. Upon setting this bit, all the gate driver outputs are disconnected from the output switches and the gate biases are pulled low. If all the switches are correctly turned off and are at high-z, all the corresponding bits in the FAULT_OPEN_OR_DRV are set to "1". | H17: check status registers for fails | I17: MCU resets IC | K17: D2.3.2, self-test supported by hardware | L17: 0.9
B18: 8 | C18: SM08 | D18: SR#33 | E18: CS, ADC | F18: ADC: LED Current Monitoring | G18: If the CSEN bit is set in the SYSCFG register, the voltage across CS pin and GND is measured using an ADC. The measured results are stored in the CS register in the volatile memory. | H18: check status registers for fails | I18: MCU resets IC | K18: D.2.4.4, monitoring outputs derated due to ADC sampling | L18: 0.9
B19: 9 | C19: SM09 | D19: SR#123 | E19: LOGIC | F19: UART Communication Watchdog | G19: If CMWEN bit in SYSCFG register is set, a CRC error check is performed on each UART transaction received from the MCU. If a valid UART transaction for more than a pre-programmed time is not received, the device enters the FAIL-SAFE state, and an associated error bit is set in the status register. | H19: check status registers for fails | I19: MCU resets IC | K19: D2.5.6, D2.5.7, D2.5.8 | L19: 0.99
B20: 10 | C20: SM10 | D20: SR#109 | E20: LOGIC | F20: Internal UART Watchdog Check | G20: A health check of the UART watchdog is performed upon power up. | H20: check status registers for fails | I20: Vega enters DIA2 state mode. MCU resets IC | K20: D2.5.8 | L20: 0.9
B21: 11 | C21: SM11 | E21: OSC | F21: Internal Clock Watchdog Check | G21: When ID803 operates with the internal clock, a clock watchdog monitors the clock. If the internal clock fails, a sys_reset to the digital is issued and all switches are set to open position. In this case PWR bit is set. | H21: check status registers for fails | I21: Vega sets the corresponding switch open. MCU re-inits switches | K21: D2.7.3 | L21: 0.6
B22: 12 | C22: SM12 | E22: SW_BANK, LOGIC | F22: PWM Monitoring | G22: The diagnostic PWM counter checks the output of each channel PWM counter in a round robin to make sure the output of each PWM counter is as programmed. If a PWM error count occurs, PWM_ERR bit is set in the STATUS register and a bit for a corresponding PWM counter is set in the PWM_MISCOUNT registers. | H22: check status registers for fails | I22: MCU resets IC | K22: D2.7.2 | L22: 0.9
B23: 13 | C23: SM13 | D23: SR#74 | E23: SW_BANK, LOGIC | F23: Comparator: FS Pin State | G23: During FAIL-SAFE state, switches are set according to the FS-pin voltage, all switches shall be set to open if the voltage on the FS-pin is lower than VIL-TH, and shall be set to close if the voItage on the FS-pin is more than VIH-TH. The FS-pin can be connected to GND or the VDD. There is a FS_PIN bit in the STATUS1 register that shows the voltage level of the FS pin. | H23: check status registers for fails | I23: Vega turn off or turn on all switches according to FS pin status. MCU re-inits switches | K23: D.2.1.2, tight comparator | L23: 0.99
B24: 14 | C24: SM14 | D24: SR#53 | E24: CP | F24: Comparator: CP Voltage Monitoring | G24: The charge pump voltage is monitored. If the charge pump voltage is decreased below a threshold, all the switches are set to open position. The CHPMP_ERR bit is set in the STATUS2 register if a charge pump error occurs. | H24: check status registers for fails | I24: Vega sets the corresponding switch open. MCU re-inits switches | K24: D.2.1.2, tight comparator | L24: 0.99
B25: 15 | C25: SM15 | D25: SR#84,85 | E25: REF, LDO | F25: Comparator: Internal Supply Monitoring | G25: When 1.8V internal voltage goes out of a specified voltage range, it generates a POR that resets digital and sets the output switches to open. The LDO_UV_FLT bit is then set to default value of '1'. | H25: check status registers for fails | I25: Vega sets the corresponding switch open. MCU re-inits switches | K25: D.2.1.2, tight comparator | L25: 0.99
B26: 16 | C26: SM16 | E26: REF, ADC | F26: ADC: SBG ADC Reading | G26: IC features a secondary bandgap (typ. 1.2V) that's digitized using the primary bandgap's 2V reference. Results are stored in BGR register. | H26: check registers for fails | I26: MCU resets IC | K26: D.2.1.2, comparison but derated due to ADC sampling | L26: 0.9
B27: 17 | C27: SM17 | D27: SR#99 | E27: TEMP | F27: ADC: Thermal Limit | G27: The PTAT voltage generated by die temperature monitor module is measured by an ADC. The measured die temperature value is compared with 175C thermal limit in digital. The TLMT bit is set in STATUS2 register if thermal limit occurs. | H27: check status registers for fails | I27: When TSDEN<1:0> is set to 0x00, there is no action is taken for the switches when TLIMIT is reached. When it is set to 0x03, switches are set to open when TLIMIT is reached.n and MCU resets IC. | K27: D.2.1.2, comparison but derated due to ADC sampling | L27: 0.9
B28: 18 | C28: SM18 | E28: LOGIC | F28: ECC | G28: The ECC will correct 1 bit error and detect 2 bit error. | H28: check status registers for fails | I28: MCU resets IC | K28: D2.5.2 withSECDED and short exposition by NVM copy | L28: 0.99
B29: 20 | C29: SM20 | E29: LDO | F29: Comparator: LDO Overvoltage | G29: check against set limits | H29: check status registers for fails | I29: MCU wait for normal voltage | K29: D.2.1.2, tight comparator | L29: 0.99
B30: 21 | C30: SM21 | E30: LOGIC | F30: SYNC Monitor | G30: The bit is set when SYNC pulse high duration is within ±6.25% of PWM register configuration, and reset if it is out of range | H30: check status registers for fails | I30: MCU resets IC | K30: D2.6.1 | L30: 0.6
B31: 22 | C31: SM22 | E31: CP, SW_BANK | F31: Matrix SW POR | G31: If the floating supply in the switch module falls below a defined threshold, the switch is set to open. This mechanism is triggered if the internal supply to the regulator or the VDD supply, or the charge pump fails. ID803 sets the corresponding switch open and all the corresponding bits in the FLT_MATRIX_POR register are set to "1". | H31: check status registers for fails | I31: MCU resets IC | K31: D.2.1.2, D2.4.4 | L31: 0.99
B32: 23 | C32: SM23 | E32: TEMP | F32: ADC: Thermal Monitoring | G32: Die temperature measured and stored in DIETEMP register. | H32: check status registers for fails | I32: MCU resets IC | K32: D.2.1.2, D2.4.4 | L32: 0.9
B33: 24 | C33: SM24 | E33: ADC, SW_BANK | F33: ADC: LED Switch Voltage Detection | G33: LEDx voltage monitoring with ADC. Results written on VLEDON registers. A comparison with LEDONTH done digitally. | H33: check status registers for fails | I33: MCU resets IC | K33: D.2.1.2, comparison but derated due to ADC sampling | L33: 0.9

Sheet Die_PKG Base Failure rate
X2: Document ID | Z2: =Cover!$F$18 -> ELM-803-FS-0001
X3: Author | Z3: =Cover!$F$19 -> Safety Manager | AA3: =Cover!$G$19 -> I. Kök
X4: Version | Z4: =Cover!$F$20 -> B2
X5: Status | Z5: =Cover!$F$21 -> approved after review
A8: =Cover!A7 -> FMEDA
A10: =Cover!A9 -> ID803 - Vega
B12: Internal Use Only
R15: λ1 | S15: per transistor base failure rate of the integrated circuit family. See Table 16.
R16: λ2 | S16: failure rate related to the technology mastering of the integrated circuit. See Table 16.
R17: N | S17: number of transistors of the integrated circuit.
R18: α | S18: [(year of manufacturing) – 1998].
R19: π1 | S19: ith temperature factor related to the ith junction temperature of the integrated circuit mission profile.
R20: τi | S20: ith working time ratio of the integrated circuit for the ith junction temperature of the mission profile.
R21: τon | S21: total working time ratio of the integrated circuit. With:τon=Στi
R22: τoff | S22: time ratio for the integrated circuit being in storage (or dormant). With τon +τoff =1
R26: =C149 -> ■ Die FIT rate (①X②) | T26: =E149 -> 6.3327874 | U26: =F149 -> FIT
R27: =C200 -> ■ PKG FIT rate | T27: =E200 -> 73.243732 | U27: =F200 -> FIT
R28: =B202 -> ■ IC Total FIT rate | T28: =E202 -> 79.576519 | U28: =F202 -> FIT
C29: value in this column is used to calculate base failure rate. It should be described by engineer.
C30: value in this column is automatically calculated
C34: □ Number of Transistor
C36: - Analog part | E36: Cell unit (<6V) | F36: 29553
E37: Cell unit (>=6V) | F37: 308
C38: - Digital part | E38: Cell unit (NAND2*4) | F38: =62174*4 -> 248696
C41: □ λ1 & λ2 (Failure rate factor)
C42: - Analog part : <6V | E42: λ1 | F42: =2.7*0.0001 -> 0.00027 | H42: Refer to Table 16
E43: λ2 | F43: 20 | H43: Refer to Table 16
E44: N | F44: =F36 -> 29553
C46: - Analog part : >=6V | E46: λ1 | F46: =2.7*0.001 -> 0.0027 | H46: Refer to Table 16
E47: λ2 | F47: 20 | H47: Refer to Table 16
E48: N | F48: =F37 -> 308
C50: - Digital part | E50: λ1 | F50: =1*0.000001 -> 1e-06 | H50: Refer to Table 16
E51: λ2 | F51: 1.7 | H51: Refer to Table 16
E52: N | F52: =F38 -> 248696
C54: □ FAB Process stability
E56: year of manufacturing | F56: 2025
E57: α | F57: =F56-1998 -> 27
C61: ① Die base rate (w/o mission profile)
C62: - Analog part | E62: <6V | F62: =F42*F44*EXP(-0.35*F57) -> 0.00062788844
E63: >=6V | F63: =F46*F48*EXP(-0.35*F57) -> 6.5438242e-05
C64: - Digital part | F64: =F50*F52*EXP(-0.35*F57) -> 1.956978e-05
F65: =F43 -> 20
F66: =F62+F63+F64+F65 -> 20.000713
C71: □ Mission Profile
D73: Total life time | E73: 15 | F73: year
E74: =8000/0.058 -> 137931.03 | F74: Hour
D76: Theta ja (PKG) | E76: 23.3 | F76: ℃/W
D77: Power dissipation | E77: 1.4 | F77: W
D78: ΔTj | E78: =E76*E77 -> 32.62 | F78: ℃
D80: Temp No. | E80: Amb Temp | F80: Duration[h] | G80: Duration[%] | I80: No. | J80: Junction Temp | K80: Tau (τi)
D81: 1 | E81: 32 | F81: =0.02*E74 -> 2758.6207 | G81: =F81/$F$98 -> 0.34482759 | I81: 1 | J81: =E81+$E$78 -> 64.62 | K81: =$F$99*G81 -> 0.02
D82: 2 | E82: 60 | F82: =0.015*E74 -> 2068.9655 | G82: =F82/$F$98 -> 0.25862069 | I82: 2 | J82: =E82+$E$78 -> 92.62 | K82: =$F$99*G82 -> 0.015
D83: 3 | E83: 85 | F83: =0.023*E74 -> 3172.4138 | G83: =F83/$F$98 -> 0.39655172 | I83: 3 | J83: =E83+$E$78 -> 117.62 | K83: =$F$99*G83 -> 0.023
D84: 4 | G84: =F84/$F$98 -> 0 | I84: 4 | J84: =E84+$E$78 -> 32.62 | K84: =$F$99*G84 -> 0
D85: 5 | G85: =F85/$F$98 -> 0 | I85: 5 | J85: =E85+$E$78 -> 32.62 | K85: =$F$99*G85 -> 0
D86: 6 | G86: =F86/$F$98 -> 0 | I86: 6 | J86: =E86+$E$78 -> 32.62 | K86: =$F$99*G86 -> 0
D87: 7 | G87: =F87/$F$98 -> 0 | I87: 7 | J87: =E87+$E$78 -> 32.62 | K87: =$F$99*G87 -> 0
D88: 8 | G88: =F88/$F$98 -> 0 | I88: 8 | J88: =E88+$E$78 -> 32.62 | K88: =$F$99*G88 -> 0
D89: 9 | G89: =F89/$F$98 -> 0 | I89: 9 | J89: =E89+$E$78 -> 32.62 | K89: =$F$99*G89 -> 0
D90: 10 | G90: =F90/$F$98 -> 0 | I90: 10 | J90: =E90+$E$78 -> 32.62 | K90: =$F$99*G90 -> 0
D91: 11 | G91: =F91/$F$98 -> 0 | I91: 11 | J91: =E91+$E$78 -> 32.62 | K91: =$F$99*G91 -> 0
D92: 12 | G92: =F92/$F$98 -> 0 | I92: 12 | J92: =E92+$E$78 -> 32.62 | K92: =$F$99*G92 -> 0
D93: 13 | G93: =F93/$F$98 -> 0 | I93: 13 | J93: =E93+$E$78 -> 32.62 | K93: =$F$99*G93 -> 0
D94: 14 | G94: =F94/$F$98 -> 0 | I94: 14 | J94: =E94+$E$78 -> 32.62 | K94: =$F$99*G94 -> 0
D95: 15 | G95: =F95/$F$98 -> 0 | I95: 15 | J95: =E95+$E$78 -> 32.62 | K95: =$F$99*G95 -> 0
... D97: 17 | G97: =F97/$F$98 -> 0 | I97: 17 | J97: =E97+$E$78 -> 32.62 | K97: =$F$99*G97 -> 0
D98: total | F98: =SUM(F81:F97) -> 8000 | G98: =F98/$F$98 -> 1 | I98: τ on (On duty) | K98: =SUM(K81:K97) -> 0.058
D99: τ total | F99: =F98/E74 -> 0.058 | I99: τ off (Off duty) | K99: =1-K98 -> 0.942
C104: - Analog part
D105: Ea | E105: 0.4 | F105: eV | G105: Refer to table
D106: A | E106: =E105/(8.617*0.00001) -> 4641.9868 | H106: ∑πt*τi
D107: πt 1 | E107: =EXP($E$106*(1/328-1/(273+J81))) -> 1.4966846 | H107: πt * τi | I107: =E107*K81 -> 0.029933692
D108: πt 2 | E108: =EXP($E$106*(1/328-1/(273+J82))) -> 4.2895974 | H108: πt * τi | I108: =E108*K82 -> 0.06434396
D109: πt 3 | E109: =EXP($E$106*(1/328-1/(273+J83))) -> 9.6674101 | H109: πt * τi | I109: =E109*K83 -> 0.22235043
D110: πt 4 | E110: =EXP($E$106*(1/328-1/(273+J84))) -> 0.35474553 | H110: πt * τi | I110: =E110*K84 -> 0
D111: πt 5 | E111: =EXP($E$106*(1/328-1/(273+J85))) -> 0.35474553 | H111: πt * τi | I111: =E111*K85 -> 0
D112: πt 6 | E112: =EXP($E$106*(1/328-1/(273+J86))) -> 0.35474553 | H112: πt * τi | I112: =E112*K86 -> 0
D113: πt 7 | E113: =EXP($E$106*(1/328-1/(273+J87))) -> 0.35474553 | H113: πt * τi | I113: =E113*K87 -> 0
D114: πt 8 | E114: =EXP($E$106*(1/328-1/(273+J88))) -> 0.35474553 | H114: πt * τi | I114: =E114*K88 -> 0
D115: πt 9 | E115: =EXP($E$106*(1/328-1/(273+J89))) -> 0.35474553 | H115: πt * τi | I115: =E115*K89 -> 0
D116: πt 10 | E116: =EXP($E$106*(1/328-1/(273+J90))) -> 0.35474553 | H116: πt * τi | I116: =E116*K90 -> 0
D117: πt 11 | E117: =EXP($E$106*(1/328-1/(273+J91))) -> 0.35474553 | H117: πt * τi | I117: =E117*K91 -> 0
D118: πt 12 | E118: =EXP($E$106*(1/328-1/(273+J92))) -> 0.35474553 | H118: πt * τi | I118: =E118*K92 -> 0
... D123: πt 17 | E123: =EXP($E$106*(1/328-1/(273+J97))) -> 0.35474553 | H123: πt * τi | I123: =E123*K97 -> 0
H124: Sum | I124: =SUM(I107:I123) -> 0.31662809
C125: - Digital part and Analog (<6V)
D126: Ea | E126: 0.3 | F126: eV | G126: Refer to table
D127: A | E127: =E126/(8.617*0.00001) -> 3481.4901 | H127: ∑πt*τi
D128: πt 1 | E128: =EXP($E$127*(1/328-1/(273+J81))) -> 1.3531555 | H128: πt * τi | I128: =E128*K81 -> 0.027063111
D129: πt 2 | E129: =EXP($E$127*(1/328-1/(273+J82))) -> 2.9806597 | H129: πt * τi | I129: =E129*K82 -> 0.044709896
D130: πt 3 | E130: =EXP($E$127*(1/328-1/(273+J83))) -> 5.4825501 | H130: πt * τi | I130: =E130*K83 -> 0.12609865
D131: πt 4 | E131: =EXP($E$127*(1/328-1/(273+J84))) -> 0.45966104 | H131: πt * τi | I131: =E131*K84 -> 0
D132: πt 5 | E132: =EXP($E$127*(1/328-1/(273+J85))) -> 0.45966104 | H132: πt * τi | I132: =E132*K85 -> 0
D133: πt 6 | E133: =EXP($E$127*(1/328-1/(273+J86))) -> 0.45966104 | H133: πt * τi | I133: =E133*K86 -> 0
D134: πt 7 | E134: =EXP($E$127*(1/328-1/(273+J87))) -> 0.45966104 | H134: πt * τi | I134: =E134*K87 -> 0
D135: πt 8 | E135: =EXP($E$127*(1/328-1/(273+J88))) -> 0.45966104 | H135: πt * τi | I135: =E135*K88 -> 0
D136: πt 9 | E136: =EXP($E$127*(1/328-1/(273+J89))) -> 0.45966104 | H136: πt * τi | I136: =E136*K89 -> 0
D137: πt 10 | E137: =EXP($E$127*(1/328-1/(273+J90))) -> 0.45966104 | H137: πt * τi | I137: =E137*K90 -> 0
D138: πt 11 | E138: =EXP($E$127*(1/328-1/(273+J91))) -> 0.45966104 | H138: πt * τi | I138: =E138*K91 -> 0
D139: πt 12 | E139: =EXP($E$127*(1/328-1/(273+J92))) -> 0.45966104 | H139: πt * τi | I139: =E139*K92 -> 0
...

Sheet Core Block FIT rate
J2: Document ID | L2: =Cover!$F$18 -> ELM-803-FS-0001
J3: Author | L3: =Cover!$F$19 -> Safety Manager | M3: =Cover!$G$19 -> I. Kök
J4: Version | L4: =Cover!$F$20 -> B2
J5: Status | L5: =Cover!$F$21 -> approved after review
A7: =Cover!A7 -> FMEDA
A9: =Cover!A9 -> ID803 - Vega
B11: FIT rate calculation
C13: The basis of failure rate calculation is described here.
C15: FIT Rate | D15: Package | E15: ='Die_PKG Base Failure rate'!T27 -> 73.243732
D16: Die | E16: ='Die_PKG Base Failure rate'!T26 -> 6.3327874
C17: Total Die Area [mm^2] | E17: =12580000/(1000*1000) -> 12.58
C19: Name | E19: Area [mm^2] | F19: Block/Die | G19: λ [FIT]
C20: Block(total) | E20: =G48/(1000*1000) -> 12.296455 | F20: =E20/E$17 -> 0.97746068 | G20: =E16 -> 6.3327874 | H20: =Die FIT
F21: area / pad | G21: FIT
C22: Pad (protect diode short to VCC&GND, near pin short) | E22: 48 | F22: N/A | G22: =E15*0.1 -> 7.3243732 | H22: =0.1*Package FIT
C23: PIN (Pin open) | E23: N/A | F23: N/A | G23: =E15*0.9 -> 65.919358 | H23: =0.9*Package FIT
B25: Core Block FIT rate calculation
B30: Fit to block | E30: Width | F30: Height | G30: Area | H30: Number of blocks | I30: Adjust the Wiring Area | J30: Total Area | K30: Area Ratio | L30: FIT
B31: REF | E31: 800 | F31: 123.53731 | G31: 98829.85 | H31: 1 | I31: =1/$F$20 -> 1.0230591 | J31: =G31*H31*I31 -> 101108.77 | K31: =J31/$J$48 -> 0.0080372633 | L31: =K31*$G$20 -> 0.05089828
B32: BIAS | E32: 924 | F32: 176.5 | G32: 163086 | H32: 1 | I32: =1/$F$20 -> 1.0230591 | J32: =G32*H32*I32 -> 166846.61 | K32: =J32/$J$48 -> 0.013262846 | L32: =K32*$G$20 -> 0.083990787
B33: LDO | E33: 290.6 | F33: 251 | G33: 72940.6 | H33: 1 | I33: =1/$F$20 -> 1.0230591 | J33: =G33*H33*I33 -> 74622.541 | K33: =J33/$J$48 -> 0.0059318395 | L33: =K33*$G$20 -> 0.037565079
B34: OSC | E34: 465.2 | F34: 111.4 | G34: 51823.28 | H34: 1 | I34: =1/$F$20 -> 1.0230591 | J34: =G34*H34*I34 -> 53018.276 | K34: =J34/$J$48 -> 0.0042144893 | L34: =K34*$G$20 -> 0.026689465
B35: TEMP | E35: 172.3 | F35: 112.6 | G35: 19400.98 | H35: 1 | I35: =1/$F$20 -> 1.0230591 | J35: =G35*H35*I35 -> 19848.348 | K35: =J35/$J$48 -> 0.0015777701 | L35: =K35*$G$20 -> 0.0099916828
B36: CSNS | E36: 264.2 | F36: 267.3 | G36: 70620.66 | H36: 1 | I36: =1/$F$20 -> 1.0230591 | J36: =G36*H36*I36 -> 72249.105 | K36: =J36/$J$48 -> 0.0057431721 | L36: =K36*$G$20 -> 0.036370288
B37: ADC | E37: 252.5 | F37: 434.7 | G37: 109761.75 | H37: 1 | I37: =1/$F$20 -> 1.0230591 | J37: =G37*H37*I37 -> 112292.75 | K37: =J37/$J$48 -> 0.0089262919 | L37: =K37*$G$20 -> 0.056528309
B38: CP | E38: 864.8 | F38: 961.7 | G38: 831678.16 | H38: 1 | I38: =1/$F$20 -> 1.0230591 | J38: =G38*H38*I38 -> 850855.87 | K38: =J38/$J$48 -> 0.067635602 | L38: =K38*$G$20 -> 0.42832189
B39: LOGIC | E39: 1730 | F39: 742 | G39: 1283660 | H39: 1 | I39: =1/$F$20 -> 1.0230591 | J39: =G39*H39*I39 -> 1313260 | K39: =J39/$J$48 -> 0.10439269 | L39: =K39*$G$20 -> 0.66109669
B40: INTERFACE | E40: 263.8 | F40: 122.6 | G40: 32341.88 | H40: 1 | I40: =1/$F$20 -> 1.0230591 | J40: =G40*H40*I40 -> 33087.653 | K40: =J40/$J$48 -> 0.0026301791 | L40: =K40*$G$20 -> 0.016656365
B41: TRIM | E41: 376 | F41: 226.8 | G41: 85276.8 | H41: 1 | I41: =1/$F$20 -> 1.0230591 | J41: =G41*H41*I41 -> 87243.202 | K41: =J41/$J$48 -> 0.0069350717 | L41: =K41*$G$20 -> 0.043918335
B42: SW_BANK_1 | E42: 1311 | F42: 1765 | G42: 2313915 | H42: 1 | I42: =1/$F$20 -> 1.0230591 | J42: =G42*H42*I42 -> 2367271.7 | K42: =J42/$J$48 -> 0.1881774 | L42: =K42*$G$20 -> 1.1916875
... B44: SW_BANK_3 | E44: 1900 | F44: 1121.1367 | G44: 2130159.8 | H44: 1 | I44: =1/$F$20 -> 1.0230591 | J44: =G44*H44*I44 -> 2179279.2 | K44: =J44/$J$48 -> 0.17323364 | L44: =K44*$G$20 -> 1.0970518
B45: SW_BANK_4 | E45: 1900 | F45: 1122.8948 | G45: 2133500.2 | H45: 1 | I45: =1/$F$20 -> 1.0230591 | J45: =(G45*H45)*I45 -> 2182696.7 | K45: =J45/$J$48 -> 0.1735053 | L45: =K45*$G$20 -> 1.0987722
B46: SM Total | E46: - | F46: - | G46: 585545.5 | H46: 1 | I46: =1/$F$20 -> 1.0230591 | J46: =(G46*H46)*I46 -> 599047.62 | K46: =J46/$J$48 -> 0.047619048 | L46: =K46*$G$20 -> 0.30156131
B48: Total | G48: =SUM(G31:G46) -> 12296455 | H48: um2 | J48: =SUM(J31:J46) -> 12580000 | K48: =SUM(K31:K46) -> 1 | L48: =SUM(L31:L46) -> 6.3327874
G49: Total block areas | J49: Chip Area | K49: Check | L49: Die
B50: *The FIT below is reflected in FMEDA block FIT | F50: #1.0 | J50: =H50-I50 -> 0

Sheet FMEDA
C2: FMEDAフォーマット案1
AB3: Document ID | AD3: =Cover!$F$18 -> ELM-803-FS-0001
AD4: =Cover!$F$19 -> Safety Manager | AE4: =Cover!$G$19 -> I. Kök
AD5: =Cover!$F$20 -> B2
AD6: =Cover!$F$21 -> approved after review
A8: FMEDA
A10: =Cover!A9 -> ID803 - Vega
D11: Safety Goalが明確、ブロックベース分析
E12: This column should be described by engineer.
E13: This column is automatically calculated | Z13: MCU= | AA13: 0.6
J14: λ | K14: =SUM(E22:E162) -> 6.3327874
J15: λSPF+λRF | K15: =SUM(V22:V162) -> 0.10455336 | Z15: ABIST= | AA15: 0.6
J16: λLF | K16: =SUM(AB22:AB162) -> 0.74109836 | Z16: LBIST= | AA16: 0.91
I17: 고장Mode는 200개까지 대응. 200개이상의 경우에는 수식확인 할 것. | Z17: TSD= | AA17: 0.6
O18: Permanent Failures
G19: Part9 8.4.9 c) | H19: Part9 8.4.9 a) | I19: Part9 8.4.9 b) | J19: Part9 8.4.9 b) | O19: Single Point Failures | X19: Latent Failure
B20: 고장Mode번호 PSG (Pad Short to Power) | C20: 機能 | D20: Block | E20: Block 고장율(FIT) | F20: Failure mode separate fault rate | G20: 고장Mode(iso26262) | H20: 고장Mode | I20: IC단품으로써의 영향 | J20: ECU (시스템)에의 영향 | K20: IC단품영향에 대처와 판단 | O20: 비교 | P20: 안전에 걸리는지? | Q20: 항목고장율 (FIT) | R20: 안전고장의 비율 | S20: 안전기구 (IC) | T20: 안전기구 (System) | U20: 검출율 （SPF） | V20: 잔존고장의 고장율 (FIT) | X20: Latent Failure 는 안전에 걸리는지? | Y20: 안전기구 (IC) | Z20: 안전기구 (System) | AA20: 검출율 | AB20: Latent Failure 의 고장율 (FIT) | AD20: Comment
B21: Failure Mode Number | C21: Component Name | D21: Block Name | E21: Block Failure rate [FIT] | G21: Standard failure mode | H21: Failure Mode | I21: effects on the IC output | J21: effects on the system | K21: memo X - Violation of SG O - No violation | L21: System Comment | M21: system Request | O21: Failure distribution | P21: Single Point Failure mode can violate the safety goal in the absense of safety mecahnism | Q21: Failure rate [FIT] | R21: Percentage of Safe Faults | S21: Safety mechanism(s) (IC) allowing to prevent the violation of the safety goal | T21: Safety mechanism(s) (System) allowing to prevent the violation of the safety goal | U21: Failure mode coverage wrt. violation of safety goal | V21: Residual or Single Point Fault failure rate [FIT] | X21: Latent Failure mode can violate the safety goal in the absense of safety mecahnism | Y21: Safety mechanism(s) (IC) to prevent latent faults | Z21: Safety mechanism(s) (System) to prevent latent faults | AA21: Failure mode coverage wrt. Latent failures | AB21: Latent Multiple Point Fault failure rate [FIT]
B22: FM_TTL_1 | D22: REF | E22: ='Core Block FIT rate'!L31 -> 0.05089828 | F22: =E22/7 -> 0.0072711829 | G22: Output is stuck (i.e. high or low) | I22: • BIAS - Output reference voltage is stuck - Output reference current is stuck - Output bias current is stuck - Quiescent current exceeding the maximum value • REF - Quiescent current exceeding the maximum value • ADC - REF output is stuck • TEMP - Output is stuck • LDO - Output is stuck • OSC - Oscillation does not start | J22: Unintentional LED ON/OFF Fail-safe mode active No communication | K22: X | O22: 1 | P22: Y | Q22: =F22*O22 -> 0.0072711829 | R22: 0 | S22: SM01 SM15 SM16 SM17 | U22: 0.99 | V22: =IF(P22="N",0,Q22*(1-R22)*(1-U22)) -> 7.2711829e-05 | X22: Y | Y22: =S22 -> SM01 SM15 SM16 SM17 | AA22: 1 | AB22: =IF(X22="N",0,(Q22*(1-R22)-V22)*(1-AA22)) -> 0 | AD22: SM01 SM15 make the IC enter a safe-sate. Latent coverage: 100%.
B23: FM_TTL_2 | F23: =F22 -> 0.0072711829 | G23: Output is floating (i.e. open circuit) | I23: • BIAS - Output reference voltage is floating - Output reference current is higher than the expected range - Output reference current is lower than the expected range - Output bias current is higher than the expected range - Output bias current is lower than the expected range • ADC - REF output is floating (i.e. open circuit) • LDO - Out of spec • OSC - Out of spec | J23: Unintentional LED ON/OFF Fail-safe mode active No communication | K23: X | O23: 1 | P23: Y | Q23: =F23*O23 -> 0.0072711829 | R23: 0 | S23: SM01 SM15 SM16 SM17 | U23: 0.99 | V23: =IF(P23="N",0,Q23*(1-R23)*(1-U23)) -> 7.2711829e-05 | X23: Y | Y23: =S23 -> SM01 SM15 SM16 SM17 | AA23: 1 | AB23: =IF(X23="N",0,(Q23*(1-R23)-V23)*(1-AA23)) -> 0 | AD23: SM01 SM15 make the IC enter a safe-sate. Latent coverage: 100%.
B24: FM_TTL_3 | F24: =F23 -> 0.0072711829 | G24: Incorrect output voltage value (i.e. outside the expected range) | I24: • BIAS - Output reference voltage is higher than the expected range - Output reference current is higher than the expected range - Output bias current is higher than the expected range • TEMP - Incorrect gain on the output voltage (outside the expected range) - Incorrect offset on the output voltage (outside the expected range) • ADC - REF output higher/lower than expected • LDO - Out of spec • OSC - Out of spec | J24: Unintentional LED ON/OFF Fail-safe mode active No communication | K24: X | O24: 1 | P24: Y | Q24: =F24*O24 -> 0.0072711829 | R24: 0 | S24: SM01 SM11 SM15 SM16 | U24: 0.99 | V24: =IF(P24="N",0,Q24*(1-R24)*(1-U24)) -> 7.2711829e-05 | X24: Y | Y24: =S24 -> SM01 SM11 SM15 SM16 | AA24: 1 | AB24: =IF(X24="N",0,(Q24*(1-R24)-V24)*(1-AA24)) -> 0 | AD24: SM01 SM15 make the IC enter a safe-sate. Latent coverage: 100%.
B25: FM_TTL_4 | F25: =F24 -> 0.0072711829 | G25: Output voltage accuracy too low, including drift | I25: • BIAS - Output reference voltage is higher than the expected range - Output reference current is higher than the expected range - Output bias current is higher than the expected range • TEMP - Incorrect gain on the output voltage (outside the expected range) - Incorrect offset on the output voltage (outside the expected range) • ADC - REF output higher/lower than expected • LDO - Out of spec • OSC - Out of spec | J25: Unintentional LED ON/OFF Fail-safe mode active No communication | K25: X | O25: 1 | P25: Y | Q25: =F25*O25 -> 0.0072711829 | R25: 0 | S25: SM01 SM11 SM15 SM16 | U25: 0.99 | V25: =IF(P25="N",0,Q25*(1-R25)*(1-U25)) -> 7.2711829e-05 | X25: Y | Y25: =S25 -> SM01 SM11 SM15 SM16 | AA25: 1 | AB25: =IF(X25="N",0,(Q25*(1-R25)-V25)*(1-AA25)) -> 0 | AD25: SM01 SM15 make the IC enter a safe-sate. Latent coverage: 100%.
B26: FM_TTL_5 | F26: =F25 -> 0.0072711829 | G26: Output voltage affected by spikes | I26: No effect | J26: No effect | K26: O | O26: 1 | P26: N | Q26: =F26*O26 -> 0.0072711829 | R26: =IF(P26="N",100%,0%) -> 1 | X26: N
B27: FM_TTL_6 | F27: =F26 -> 0.0072711829 | G27: Output voltage oscillation within the expected range | I27: No effect | J27: No effect | K27: O | O27: 1 | P27: N | Q27: =F27*O27 -> 0.0072711829 | R27: =IF(P27="N",100%,0%) -> 1 | X27: N
B28: FM_TTL_7 | F28: =F27 -> 0.0072711829 | G28: Incorrect start-up time (i.e. outside the expected range) | I28: No effect | J28: No effect | K28: O | O28: 1 | P28: N | Q28: =F28*O28 -> 0.0072711829 | R28: =IF(P28="N",100%,0%) -> 1 | X28: N
B29: FM_TTL_8 | D29: BIAS | E29: ='Core Block FIT rate'!L32 -> 0.083990787 | F29: =E29/10 -> 0.0083990787 | G29: One or more outputs are stuck (i.e. high or low) | I29: • ADC - ADC measurement is incorrect. • TEMP - Incorrect temperature measurement. • LDO - Out of spec. • OSC - Frequency out of spec. • SW_BANKx - Out of spec. • CP - Out of spec. • CNSN - Incorrect reading. | J29: Unintentional LED ON/OFF Fail-safe mode active No communication | K29: X | O29: 1 | P29: Y | Q29: =F29*O29 -> 0.0083990787 | R29: =IF(P29="N",100%,0%) -> 0 | S29: SM11 SM15 SM16 | U29: 0.99 | V29: =IF(P29="N",0,Q29*(1-R29)*(1-U29)) -> 8.3990787e-05 | X29: Y | Y29: =S29 -> SM11 SM15 SM16 | AA29: 1 | AB29: =IF(X29="N",0,(Q29*(1-R29)-V29)*(1-AA29)) -> 0 | AD29: SM15 make the IC enter a safe-sate. Latent coverage: 100%.
B30: FM_TTL_9 | F30: =F29 -> 0.0083990787 | G30: One or more outputs are floating (i.e. open circuit) | I30: • ADC - ADC measurement is incorrect. • TEMP - Incorrect temperature measurement. • LDO - Out of spec. • OSC - Frequency out of spec. • SW_BANKx - Out of spec. • CP - Out of spec. • CNSN - Incorrect reading. | J30: Unintentional LED ON/OFF Fail-safe mode active No communication | K30: X | O30: 1 | P30: Y | Q30: 0.0042040524 | R30: 0 | S30: SM11 SM15 SM16 | U30: 0.99 | V30: 4.2040524e-05 | X30: Y | Y30: =S30 -> SM11 SM15 SM16 | AA30: 1 | AB30: 0 | AD30: SM15 make the IC enter a safe-sate. Latent coverage: 100%.
B31: FM_TTL_10 | F31: =F30 -> 0.0083990787 | G31: Incorrect reference current (i.e. outside the expected range) | I31: • ADC - ADC measurement is incorrect. • TEMP - Incorrect temperature measurement. • LDO - Out of spec. • OSC - Frequency out of spec. • SW_BANKx - Out of spec. • CP - Out of spec. • CNSN - Incorrect reading. | J31: Unintentional LED ON/OFF Fail-safe mode active No communication | K31: X | O31: 1 | P31: Y | Q31: 0.0042040524 | R31: 0 | S31: SM11 SM15 SM16 | U31: 0.99 | V31: 4.2040524e-05 | X31: Y | Y31: =S31 -> SM11 SM15 SM16 | AA31: 1 | AB31: 0 | AD31: SM15 make the IC enter a safe-sate. Latent coverage: 100%.
B32: FM_TTL_11 | F32: =F31 -> 0.0083990787 | G32: Reference current accuracy too low , including drift | I32: • ADC - ADC measurement is incorrect. • TEMP - Incorrect temperature measurement. • LDO - Out of spec. • OSC - Frequency out of spec. • SW_BANKx - Out of spec. • CP - Out of spec. • CNSN - Incorrect reading. | J32: Unintentional LED ON/OFF Fail-safe mode active No communication | K32: X | O32: 1 | P32: Y | Q32: 0.0042040524 | R32: 0 | S32: SM11 SM15 SM16 | U32: 0.99 | V32: 4.2040524e-05 | X32: Y | Y32: =S32 -> SM11 SM15 SM16 | AA32: 1 | AB32: 0 | AD32: SM15 make the IC enter a safe-sate. Latent coverage: 100%.
B33: FM_TTL_12 | F33: =F32 -> 0.0083990787 | G33: Reference current affected by spikes | I33: No effect | J33: No effect | K33: O | O33: 1 | P33: N | Q33: =F33*O33 -> 0.0083990787 | R33: =IF(P33="N",100%,0%) -> 1 | X33: N
B34: FM_TTL_13 | F34: =F33 -> 0.0083990787 | G34: Reference current oscillation within the expected range | I34: No effect | J34: No effect | K34: O | O34: 1 | P34: N | Q34: =F34*O34 -> 0.0083990787 | R34: =IF(P34="N",100%,0%) -> 1 | X34: N
B35: FM_TTL_14 | F35: =F34 -> 0.0083990787 | G35: One or more branch currents outside the expected range while reference current is correct | I35: • ADC - ADC measurement is incorrect. • TEMP - Incorrect temperature measurement. • LDO - Out of spec. • OSC - Frequency out of spec. • SW_BANKx - Out of spec. • CP - Out of spec. • CNSN - Incorrect reading. | J35: Unintentional LED ON/OFF Fail-safe mode active No communication | K35: X | O35: 1 | P35: Y | Q35: 0.0042040524 | R35: 0 | S35: SM11 SM15 SM16 | U35: 0.99 | V35: 4.2040524e-05 | X35: Y | Y35: =S35 -> SM11 SM15 SM16 | AA35: 1 | AB35: 0 | AD35: SM15 make the IC enter a safe-sate. Latent coverage: 100%.
B36: FM_TTL_15 | F36: =F35 -> 0.0083990787 | G36: One or more branch currents accuracy too low , including drift | I36: • ADC - ADC measurement is incorrect. • TEMP - Incorrect temperature measurement. • LDO - Out of spec. • OSC - Frequency out of spec. • SW_BANKx - Out of spec. • CP - Out of spec. • CNSN - Incorrect reading. | J36: Unintentional LED ON/OFF Fail-safe mode active No communication | K36: X | O36: 1 | P36: Y | Q36: 0.0042040524 | R36: 0 | S36: SM11 SM15 SM16 | U36: 0.99 | V36: 4.2040524e-05 | X36: Y | Y36: =S36 -> SM11 SM15 SM16 | AA36: 1 | AB36: 0 | AD36: SM15 make the IC enter a safe-sate. Latent coverage: 100%.
B37: FM_TTL_16 | F37: =F36 -> 0.0083990787 | G37: One or more branch currents affected by spikes | I37: No effect | J37: No effect | K37: O | O37: 1 | P37: N | Q37: =F37*O37 -> 0.0083990787 | R37: =IF(P37="N",100%,0%) -> 1 | X37: N
B38: FM_TTL_17 | F38: =F37 -> 0.0083990787 | G38: One or more branch currents oscillation within the expected range | I38: No effect | J38: No effect | K38: O | O38: 1 | P38: N | Q38: =F38*O38 -> 0.0083990787 | R38: =IF(P38="N",100%,0%) -> 1 | X38: N
B39: FM_TTL_18 | D39: LDO | E39: ='Core Block FIT rate'!L33 -> 0.037565079 | F39: =E39/8 -> 0.0046956348 | G39: Output voltage higher than a high threshold of the prescribed range (i.e. over voltage — OV) | I39: • OSC - Out of spec. | J39: Fail-safe mode active No communication | K39: X | O39: 1 | P39: Y | Q39: =F39*O39 -> 0.0046956348 | R39: =IF(P39="N",100%,0%) -> 0 | S39: SM11 SM20 | U39: =IF(P39="N",0%,99%) -> 0.99 | V39: =IF(P39="N",0,Q39*(1-R39)*(1-U39)) -> 4.6956348e-05 | X39: Y | Y39: =S39 -> SM11 SM20 | AA39: 0.8 | AB39: =IF(X39="N",0,(Q39*(1-R39)-V39)*(1-AA39)) -> 0.0009297357
B40: FM_TTL_19 | F40: =F39 -> 0.0046956348 | G40: Output voltage lower than a low threshold of the prescribed range (i.e. under voltage — UV) | I40: • OSC - Out of spec. • Vega - Reset reaction. (POR) | J40: Fail-safe mode active No communication | K40: X | O40: 1 | P40: Y | Q40: =F40*O40 -> 0.0046956348 | R40: =IF(P40="N",100%,0%) -> 0 | S40: SM11 SM15 | U40: =IF(P40="N",0%,99%) -> 0.99 | V40: =IF(P40="N",0,Q40*(1-R40)*(1-U40)) -> 4.6956348e-05 | X40: Y | Y40: =S40 -> SM11 SM15 | AA40: 0.8 | AB40: =IF(X40="N",0,(Q40*(1-R40)-V40)*(1-AA40)) -> 0.0009297357
B41: FM_TTL_20 | F41: =F40 -> 0.0046956348 | G41: Output voltage affected by spikes | I41: • OSC - Jitter too high in the output signal | J41: No effect | K41: O | O41: 1 | P41: N | Q41: =F41*O41 -> 0.0046956348 | R41: =IF(P41="N",100%,0%) -> 1 | X41: N
B42: FM_TTL_21 | F42: =F41 -> 0.0046956348 | G42: Incorrect start-up time | I42: No effect | J42: No effect | K42: O | O42: 1 | P42: N | Q42: =F42*O42 -> 0.0046956348 | R42: =IF(P42="N",100%,0%) -> 1 | X42: N
B43: FM_TTL_22 | F43: =F42 -> 0.0046956348 | G43: Output voltage accuracy too low, including drift | I43: • OSC - Out of spec. • Vega - Reset reaction. (POR) | J43: Fail-safe mode active No communication | K43: X | O43: 1 | P43: Y | Q43: =F43*O43 -> 0.0046956348 | R43: 0 | S43: SM11 SM15 SM20 | U43: 0.99 | V43: =IF(P43="N",0,Q43*(1-R43)*(1-U43)) -> 4.6956348e-05 | X43: Y | Y43: =S43 -> SM11 SM15 SM20 | AA43: 1 | AB43: =IF(X43="N",0,(Q43*(1-R43)-V43)*(1-AA43)) -> 0 | AD43: SM15 make the IC enter a safe-sate. Latent coverage: 100%.
B44: FM_TTL_23 | F44: =F43 -> 0.0046956348 | G44: Output voltage oscillation within the prescribed range | I44: No effect | J44: No effect | K44: O | O44: 1 | P44: N | Q44: =F44*O44 -> 0.0046956348 | R44: =IF(P44="N",100%,0%) -> 1 | X44: N
B45: FM_TTL_24 | F45: =F44 -> 0.0046956348 | G45: Output voltage affected by a fast oscillation outside the prescribed range but with average value within the prescribed range | I45: No effect (Filter in place) | J45: No effect | K45: O | O45: 1 | P45: N | Q45: =F45*O45 -> 0.0046956348 | R45: =IF(P45="N",100%,0%) -> 1 | X45: N
B46: FM_TTL_25 | F46: =F45 -> 0.0046956348 | G46: Quiescent current exceeding the maximum value | I46: No effect | J46: No effect | K46: O | O46: 1 | P46: N | Q46: =F46*O46 -> 0.0046956348 | R46: =IF(P46="N",100%,0%) -> 1 | X46: N
B47: FM_TTL_26 | D47: OSC | E47: ='Core Block FIT rate'!L34 -> 0.026689465 | F47: =E47/7 -> 0.0038127807 | G47: Output is stuck (i.e. high or low) | I47: • LOGIC - Cannot operate. - Communication error. | J47: Fail-safe mode active No communication | K47: X | O47: 1 | P47: Y | Q47: =F47*O47 -> 0.0038127807 | R47: =IF(P47="N",100%,0%) -> 0 | S47: SM09 SM10 SM11 | U47: 0.99 | V47: =IF(P47="N",0,Q47*(1-R47)*(1-U47)) -> 3.8127807e-05 | X47: Y | Y47: =S47 -> SM09 SM10 SM11 | AA47: 1 | AB47: =IF(X47="N",0,(Q47*(1-R47)-V47)*(1-AA47)) -> 0 | AD47: SM09 make the IC enter a safe-sate. Latent coverage: 100%.
B48: FM_TTL_27 | F48: =F47 -> 0.0038127807 | G48: Output is floating (i.e. open circuit) | I48: • LOGIC - Cannot operate. - Communication error. | J48: Fail-safe mode active No communication | K48: X | O48: 1 | P48: Y | Q48: 0.0038168781 | R48: 0 | S48: SM09 SM10 SM11 | U48: 0.99 | V48: 3.8168781e-05 | X48: Y | Y48: =S48 -> SM09 SM10 SM11 | AA48: 1 | AB48: 0 | AD48: SM09 make the IC enter a safe-sate. Latent coverage: 100%.
B49: FM_TTL_28 | F49: =F48 -> 0.0038127807 | G49: Incorrect output signal swing (i.e. outside the expected range) | I49: • LOGIC - Cannot operate. - Communication error. | J49: Fail-safe mode active No communication | K49: X | O49: 1 | P49: Y | Q49: 0.0038168781 | R49: 0 | S49: SM09 SM10 SM11 | U49: 0.99 | V49: 3.8168781e-05 | X49: Y | Y49: =S49 -> SM09 SM10 SM11 | AA49: 1 | AB49: 0 | AD49: SM09 make the IC enter a safe-sate. Latent coverage: 100%.
B50: FM_TTL_29 | F50: =F49 -> 0.0038127807 | G50: Incorrect frequency of the output signal | I50: • LOGIC - Cannot operate. - Communication error. | J50: Fail-safe mode active No communication | K50: X | O50: 1 | P50: Y | Q50: 0.0038168781 | R50: 0 | S50: SM09 SM10 SM11 | U50: 0.99 | V50: 3.8168781e-05 | X50: Y | Y50: =S50 -> SM09 SM10 SM11 | AA50: 1 | AB50: 0 | AD50: SM09 make the IC enter a safe-sate. Latent coverage: 100%.
B51: FM_TTL_30 | F51: =F50 -> 0.0038127807 | G51: Incorrect duty cycle of the output signal | I51: No effect | J51: No effect | K51: O | O51: 1 | P51: N | Q51: =F51*O51 -> 0.0038127807 | R51: =IF(P51="N",100%,0%) -> 1 | X51: N
B52: FM_TTL_31 | F52: =F51 -> 0.0038127807 | G52: Drift of the output frequency | I52: • LOGIC - Cannot operate. - Communication error. | J52: Fail-safe mode active No communication | K52: X | O52: 1 | P52: Y | Q52: 0.0038168781 | R52: 0 | S52: SM09 SM10 SM11 | U52: 0.99 | V52: 3.8168781e-05 | X52: Y | Y52: =S52 -> SM09 SM10 SM11 | AA52: 1 | AB52: 0 | AD52: SM09 make the IC enter a safe-sate. Latent coverage: 100%.
B53: FM_TTL_32 | F53: =F52 -> 0.0038127807 | G53: Jitter too high in the output signal | I53: No effect | J53: No effect | K53: O | O53: 1 | P53: N | Q53: =F53*O53 -> 0.0038127807 | R53: =IF(P53="N",100%,0%) -> 1 | X53: N
B54: FM_TTL_33 | D54: TEMP | E54: ='Core Block FIT rate'!L35 -> 0.0099916828 | F54: =E54/7 -> 0.0014273833 | G54: Output is stuck (i.e. high or low) | I54: • ADC - TEMP output is stuck low • SW_BANK_x - SW is stuck in off state (DIETEMP) | J54: Unintentional LED ON | K54: X | M54: violation only indirectly when temperature is too high | O54: 0.5 | P54: Y | Q54: =F54*O54 -> 0.00071369163 | R54: =IF(P54="N",100%,0%) -> 0 | S54: SM17 SM23 | U54: 0.9 | V54: =IF(P54="N",0,Q54*(1-R54)*(1-U54)) -> 7.1369163e-05 | X54: Y | Y54: =S54 -> SM17 SM23 | AA54: 0.8 | AB54: =IF(X54="N",0,(Q54*(1-R54)-V54)*(1-AA54)) -> 0.00012846449
B55: FM_TTL_34 | F55: =F54 -> 0.0014273833 | G55: Output is floating (i.e. open circuit) | I55: • ADC - Incorrect TEMP reading | J55: Unintentional LED ON Possible device damage | K55: X | M55: violation only indirectly when temperature is too high | O55: 0.5 | P55: Y | Q55: =F55*O55 -> 0.00071369163 | R55: =IF(P55="N",100%,0%) -> 0 | S55: SM17 SM23 | U55: 0.9 | V55: =IF(P55="N",0,Q55*(1-R55)*(1-U55)) -> 7.1369163e-05 | X55: Y | Y55: =S55 -> SM17 SM23 | AA55: 0.8 | AB55: =IF(X55="N",0,(Q55*(1-R55)-V55)*(1-AA55)) -> 0.00012846449
B56: FM_TTL_35 | F56: =F55 -> 0.0014273833 | G56: Incorrect output voltage value (i.e. outside the expected range) | I56: • ADC - TEMP output Static Error (offset error, gain error, integral nonlinearity, & differential nonlinearity) | J56: Unintentional LED ON Possible device damage | K56: X | M56: violation only indirectly when temperature is too high | O56: 0.5 | P56: Y | Q56: =F56*O56 -> 0.00071369163 | R56: =IF(P56="N",100%,0%) -> 0 | S56: SM17 SM23 | U56: 0.9 | V56: =IF(P56="N",0,Q56*(1-R56)*(1-U56)) -> 7.1369163e-05 | X56: Y | Y56: =S56 -> SM17 SM23 | AA56: 0.8 | AB56: =IF(X56="N",0,(Q56*(1-R56)-V56)*(1-AA56)) -> 0.00012846449
B57: FM_TTL_36 | F57: =F56 -> 0.0014273833 | G57: Output voltage accuracy too low, including drift | I57: • ADC - TEMP output Static Error (offset error, gain error, integral nonlinearity, & differential nonlinearity) | J57: Unintentional LED ON Possible device damage | K57: X | M57: violation only indirectly when temperature is too high | O57: 0.5 | P57: Y | Q57: =F57*O57 -> 0.00071369163 | R57: =IF(P57="N",100%,0%) -> 0 | S57: SM17 SM23 | U57: 0.9 | V57: =IF(P57="N",0,Q57*(1-R57)*(1-U57)) -> 7.1369163e-05 | X57: Y | Y57: =S57 -> SM17 SM23 | AA57: 0.8 | AB57: =IF(X57="N",0,(Q57*(1-R57)-V57)*(1-AA57)) -> 0.00012846449
B58: FM_TTL_37 | F58: =F57 -> 0.0014273833 | G58: Output voltage affected by spikes | I58: No effect | J58: No effect | K58: O | O58: 1 | P58: N | Q58: =F58*O58 -> 0.0014273833 | R58: =IF(P58="N",100%,0%) -> 1 | X58: N
B59: FM_TTL_38 | F59: =F58 -> 0.0014273833 | G59: Output voltage oscillation within the expected range | I59: No effect | J59: No effect | K59: O | O59: 1 | P59: N | Q59: =F59*O59 -> 0.0014273833 | R59: =IF(P59="N",100%,0%) -> 1 | X59: N
B60: FM_TTL_39 | F60: =F59 -> 0.0014273833 | G60: Incorrect start-up time (i.e. outside the expected range) | I60: No effect | J60: No effect | K60: O | O60: 1 | P60: N | Q60: =F60*O60 -> 0.0014273833 | R60: =IF(P60="N",100%,0%) -> 1 | X60: N
B61: FM_TTL_40 | D61: CSNS | E61: ='Core Block FIT rate'!L36 -> 0.036370288 | F61: =E61/8 -> 0.004546286 | G61: Output is stuck (i.e. high or low) | I61: • ADC - CSNS output is incorrect. | J61: No effect | K61: O | O61: 1 | P61: N | Q61: 0 | R61: 1 | X61: N
B62: FM_TTL_41 | F62: =F61 -> 0.004546286 | G62: Output is floating (i.e. open circuit) | I62: • ADC - CSNS output is incorrect. | J62: No effect | K62: O | O62: 1 | P62: N | Q62: =F62*O62 -> 0.004546286 | R62: =IF(P62="N",100%,0%) -> 1 | X62: N
B63: FM_TTL_42 | F63: =F62 -> 0.004546286 | G63: Incorrect output voltage value (i.e. outside the expected range) | I63: • ADC - CSNS output is incorrect. | J63: No effect | K63: O | O63: 1 | P63: N | Q63: =F63*O63 -> 0.004546286 | R63: =IF(P63="N",100%,0%) -> 1 | X63: N
B64: FM_TTL_43 | F64: =F63 -> 0.004546286 | G64: Output voltage accuracy too low, including drift | I64: • ADC - CSNS output is incorrect. | J64: No effect | K64: O | O64: 1 | P64: N | Q64: =F64*O64 -> 0.004546286 | R64: =IF(P64="N",100%,0%) -> 1 | X64: N
B65: FM_TTL_44 | F65: =F64 -> 0.004546286 | G65: Output voltage affected by spikes | I65: No effect | J65: No effect | K65: O | O65: 1 | P65: N | Q65: =F65*O65 -> 0.004546286 | R65: =IF(P65="N",100%,0%) -> 1 | X65: N
B66: FM_TTL_45 | F66: =F65 -> 0.004546286 | G66: Output voltage oscillation within the expected range | I66: No effect | J66: No effect | K66: O | O66: 1 | P66: N | Q66: =F66*O66 -> 0.004546286 | R66: =IF(P66="N",100%,0%) -> 1 | X66: N
B67: FM_TTL_46 | F67: =F66 -> 0.004546286 | G67: Incorrect start-up time (i.e. outside the expected range) | I67: No effect | J67: No effect | K67: O | O67: 1 | P67: N | Q67: =F67*O67 -> 0.004546286 | R67: =IF(P67="N",100%,0%) -> 1 | X67: N
B68: FM_TTL_47 | F68: =F67 -> 0.004546286 | G68: Quiescent current exceeding the maximum value | I68: No effect | J68: No effect | K68: O | O68: 1 | P68: N | Q68: =F68*O68 -> 0.004546286 | R68: =IF(P68="N",100%,0%) -> 1 | X68: N
B69: FM_TTL_48 | D69: ADC | E69: ='Core Block FIT rate'!L37 -> 0.056528309 | F69: =E69/8 -> 0.0070660386 | G69: One or more outputs are stuck (i.e. high or low) | I69: • SW_BANK_x - SW is stuck in off state (DIETEMP) • ADC - Incorrect BGR measurement - Incorrect DIETEMP measurement - Incorrect CS measurement | J69: Unintentional LED ON | K69: X | O69: 1 | P69: Y | Q69: =F69*O69 -> 0.0070660386 | R69: =IF(P69="N",100%,0%) -> 0 | S69: SM08 SM16 SM17 SM23 | U69: 0.9 | V69: =IF(P69="N",0,Q69*(1-R69)*(1-U69)) -> 0.00070660386 | X69: Y | Y69: =S69 -> SM08 SM16 SM17 SM23 | AA69: 0.8 | AB69: =IF(X69="N",0,(Q69*(1-R69)-V69)*(1-AA69)) -> 0.001271887
B70: FM_TTL_49 | F70: =F69 -> 0.0070660386 | G70: One or more outputs are floating (i.e. open circuit) | I70: • SW_BANK_x - SW is stuck in off state (DIETEMP) • ADC - Incorrect BGR measurement - Incorrect DIETEMP measurement - Incorrect CS measurement | J70: Unintentional LED ON | K70: X | O70: 1 | P70: Y | Q70: 0.0070736321 | R70: 0 | S70: SM08 SM16 SM17 SM23 | U70: 0.9 | V70: 0.00070736321 | X70: Y | Y70: =S70 -> SM08 SM16 SM17 SM23 | AA70: 0.8 | AB70: 0.00063662689
B71: FM_TTL_50 | F71: =F70 -> 0.0070660386 | G71: Accuracy error (i.e. Error exceeds the LSBs) | I71: • ADC - Incorrect BGR measurement - Incorrect DIETEMP measurement - Incorrect CS measurement | J71: No effect | K71: O | O71: 1 | P71: N | Q71: =F71*O71 -> 0.0070660386 | R71: =IF(P71="N",100%,0%) -> 1 | X71: N
B72: FM_TTL_51 | F72: =F71 -> 0.0070660386 | G72: Offset error not including stuck or floating conditions on the outputs, low resolution | I72: • ADC - Incorrect BGR measurement - Incorrect DIETEMP measurement - Incorrect CS measurement | J72: No effect | K72: O | O72: 1 | P72: N | Q72: =F72*O72 -> 0.0070660386 | R72: =IF(P72="N",100%,0%) -> 1 | X72: N
B73: FM_TTL_52 | F73: =F72 -> 0.0070660386 | G73: No monotonic conversion characteristic | I73: • ADC - Incorrect BGR measurement - Incorrect DIETEMP measurement - Incorrect CS measurement | J73: No effect | K73: O | O73: 1 | P73: N | Q73: =F73*O73 -> 0.0070660386 | R73: =IF(P73="N",100%,0%) -> 1 | X73: N
B74: FM_TTL_53 | F74: =F72 -> 0.0070660386 | G74: Full-scale error not including stuck or floating conditions on the outputs, low resolution | I74: • ADC - Incorrect BGR measurement - Incorrect DIETEMP measurement - Incorrect CS measurement | J74: No effect | K74: O | O74: 1 | P74: N | Q74: =F74*O74 -> 0.0070660386 | R74: =IF(P74="N",100%,0%) -> 1 | X74: N
B75: FM_TTL_54 | F75: =F73 -> 0.0070660386 | G75: Linearity error with monotonic conversion curve not including stuck or floating conditions on the outputs, low resolution | I75: • ADC - Incorrect BGR measurement - Incorrect DIETEMP measurement - Incorrect CS measurement | J75: No effect | K75: O | O75: 1 | P75: N | Q75: =F75*O75 -> 0.0070660386 | R75: =IF(P75="N",100%,0%) -> 1 | X75: N
B76: FM_TTL_55 | F76: =F75 -> 0.0070660386 | G76: Incorrect settling time (i.e. outside the expected range) | I76: No effect | J76: No effect | K76: O | O76: 1 | P76: N | Q76: =F76*O76 -> 0.0070660386 | R76: =IF(P76="N",100%,0%) -> 1 | X76: N
B77: FM_TTL_56 | D77: CP | E77: ='Core Block FIT rate'!L38 -> 0.42832189 | F77: =E77/6 -> 0.071386981 | G77: Output voltage higher than a high threshold of the prescribed range (i.e. over voltage — OV) | I77: • Vega - Device Damage | J77: Device damage | K77: X | O77: 1 | P77: Y | Q77: =F77*O77 -> 0.071386981 | R77: =IF(P77="N",100%,0%) -> 0 | U77: 0 | V77: =IF(P77="N",0,Q77*(1-R77)*(1-U77)) -> 0.071386981 | X77: Y | AA77: 0 | AB77: =IF(X77="N",0,(Q77*(1-R77)-V77)*(1-AA77)) -> 0
B78: FM_TTL_57 | F78: =F77 -> 0.071386981 | G78: Output voltage lower than a low threshold of the prescribed range (i.e. under voltage — UV) | I78: • SW_BANK_x - SWs are stuck in off state, LEDs always ON. | J78: Unintentional LED ON | K78: X | O78: 1 | P78: Y | Q78: =F78*O78 -> 0.071386981 | R78: =IF(P78="N",100%,0%) -> 0 | S78: SM14 SM22 | U78: 0.99 | V78: =IF(P78="N",0,Q78*(1-R78)*(1-U78)) -> 0.00071386981 | X78: Y | Y78: =S78 -> SM14 SM22 | AA78: 0.8 | AB78: =IF(X78="N",0,(Q78*(1-R78)-V78)*(1-AA78)) -> 0.014134622
B79: FM_TTL_58 | F79: =F78 -> 0.071386981 | G79: Output voltage affected by spikes | I79: No effect | J79: No effect | K79: O | O79: 1 | P79: N | Q79: =F79*O79 -> 0.071386981 | R79: =IF(P79="N",100%,0%) -> 1 | X79: N
B80: FM_TTL_59 | F80: =F79 -> 0.071386981 | G80: Incorrect start-up time (i.e. outside the expected range) | I80: No effect | J80: No effect | K80: O | O80: 1 | P80: N | Q80: =F80*O80 -> 0.071386981 | R80: =IF(P80="N",100%,0%) -> 1 | X80: N
B81: FM_TTL_60 | F81: =F80 -> 0.071386981 | G81: Output voltage oscillation within the expected range | I81: No effect | J81: No effect | K81: O | O81: 1 | P81: N | Q81: =F81*O81 -> 0.071386981 | R81: =IF(P81="N",100%,0%) -> 1 | X81: N
B82: FM_TTL_61 | F82: =F81 -> 0.071386981 | G82: Quiescent current exceeding the maximum value | I82: No effect | J82: No effect | K82: O | O82: 1 | P82: N | Q82: =F82*O82 -> 0.071386981 | R82: =IF(P82="N",100%,0%) -> 1 | X82: N
B83: FM_TTL_62 | D83: LOGIC | E83: ='Core Block FIT rate'!L39 -> 0.66109669 | F83: =E83/3 -> 0.22036556 | G83: Output is stuck (i.e. high or low) | I83: • SW_BANK_X - SW is stuck in on/off state • OSC - Output stuck | J83: Unintentional LED ON/OFF Fail-safe mode active No communication | K83: X | O83: 1 | P83: Y | Q83: =F83*O83 -> 0.22036556 | R83: 0 | S83: SM10 SM11 SM12 SM18 | U83: =IF(P83="N",0%,99%) -> 0.99 | V83: =IF(P83="N",0,Q83*(1-R83)*(1-U83)) -> 0.0022036556 | X83: Y | Y83: =S83 -> SM10 SM11 SM12 SM18 | AA83: 0.8 | AB83: =IF(X83="N",0,(Q83*(1-R83)-V83)*(1-AA83)) -> 0.043632381
B84: FM_TTL_63 | F84: =F83 -> 0.22036556 | G84: Output is floating (i.e. open circuit) | I84: • SW_BANK_X - SW is stuck in on/off state • OSC - Output stuck | J84: Unintentional LED ON/OFF Fail-safe mode active No communication | K84: X | O84: 1 | P84: Y | Q84: =F84*O84 -> 0.22036556 | R84: =IF(P84="N",100%,0%) -> 0 | S84: SM10 SM11 SM12 SM18 | U84: =IF(P84="N",0%,99%) -> 0.99 | V84: =IF(P84="N",0,Q84*(1-R84)*(1-U84)) -> 0.0022036556 | X84: Y | Y84: =S84 -> SM10 SM11 SM12 SM18 | AA84: 0.8 | AB84: =IF(X84="N",0,(Q84*(1-R84)-V84)*(1-AA84)) -> 0.043632381
B85: FM_TTL_64 | F85: =F84 -> 0.22036556 | G85: Incorrect output voltage value | I85: • SW_BANK_X - SW is stuck in on/off state • OSC - Output stuck | J85: Unintentional LED ON/OFF Fail-safe mode active No communication | K85: X | O85: 1 | P85: Y | Q85: =F85*O85 -> 0.22036556 | R85: =IF(P85="N",100%,0%) -> 0 | S85: SM10 SM11 SM12 SM18 | U85: 0.99 | V85: =IF(P85="N",0,Q85*(1-R85)*(1-U85)) -> 0.0022036556 | X85: Y | Y85: =S85 -> SM10 SM11 SM12 SM18 | AA85: 0.8 | AB85: =IF(X85="N",0,(Q85*(1-R85)-V85)*(1-AA85)) -> 0.043632381
B86: FM_TTL_65 | D86: INTERFACE | E86: ='Core Block FIT rate'!L40 -> 0.016656365 | F86: =E86/8 -> 0.0020820456 | G86: TX: No message transferred as requested | I86: Communication error | J86: Fail-safe mode active | K86: O | O86: 1 | P86: N | Q86: 0 | R86: 1 | U86: 0 | V86: 0 | X86: N | AA86: 0 | AB86: 0
B87: FM_TTL_66 | F87: =F86 -> 0.0020820456 | G87: TX: Message transferred when not requested | I87: Communication error | J87: Fail-safe mode active | K87: O | O87: 1 | P87: N | Q87: 0 | R87: 1 | U87: 0 | V87: 0 | X87: N | AA87: 0 | AB87: 0
B88: FM_TTL_67 | F88: =F87 -> 0.0020820456 | G88: TX: Message transferred too early/late | I88: Communication error | J88: Fail-safe mode active | K88: O | O88: 1 | P88: N | Q88: 0 | R88: 1 | U88: 0 | V88: 0 | X88: N | AA88: 0 | AB88: 0
B89: FM_TTL_68 | F89: =F88 -> 0.0020820456 | G89: TX: Message transferred with incorrect value | I89: Communication error | J89: Fail-safe mode active | K89: O | O89: 1 | P89: N | Q89: 0 | R89: 1 | U89: 0 | V89: 0 | X89: N | AA89: 0 | AB89: 0
B90: FM_TTL_69 | F90: =F89 -> 0.0020820456 | G90: RX: No incoming message processed | I90: Communication error | J90: Fail-safe mode active | K90: O | O90: 1 | P90: N | Q90: 0 | R90: 1 | U90: 0 | V90: 0 | X90: N | AA90: 0 | AB90: 0
B91: FM_TTL_70 | F91: =F90 -> 0.0020820456 | G91: RX: Message transferred when not requested | I91: Communication error | J91: Fail-safe mode active | K91: O | O91: 1 | P91: N | Q91: 0 | R91: 1 | U91: 0 | V91: 0 | X91: N | AA91: 0 | AB91: 0
B92: FM_TTL_71 | F92: =F91 -> 0.0020820456 | G92: RX: Message transferred too early/late | I92: Communication error | J92: Fail-safe mode active | K92: O | O92: 1 | P92: N | Q92: 0 | R92: 1 | U92: 0 | V92: 0 | X92: N | AA92: 0 | AB92: 0
B93: FM_TTL_72 | F93: =F92 -> 0.0020820456 | G93: RX: Message transferred with incorrect value | I93: Communication error | J93: Fail-safe mode active | K93: O | O93: 1 | P93: N | Q93: 0 | R93: 1 | U93: 0 | V93: 0 | X93: N | AA93: 0 | AB93: 0
B94: FM_TTL_73 | D94: TRIM | E94: ='Core Block FIT rate'!L41 -> 0.043918335 | F94: =E94/4 -> 0.010979584 | G94: Error of omission (i.e. not triggered when it should be) | I94: • REF - Incorrect output value higher than the expected range • LDO - Reference voltage higher than the expected range • BIAS - Output reference voltage accuracy too low, including drift • SW_BANK - Incorrect slew rate value • OSC - Incorrect output frequency: higher than the expected range • DIETEMP - Incorrect output voltage | J94: Fail-safe mode active No communication | K94: X | O94: 1 | P94: Y | Q94: =F94*O94 -> 0.010979584 | R94: =IF(P94="N",100%,0%) -> 0 | S94: SM01 SM02 SM09 SM11 SM15 SM16 SM18 SM20 SM23 | U94: =IF(P94="N",0%,99%) -> 0.99 | V94: =IF(P94="N",0,Q94*(1-R94)*(1-U94)) -> 0.00010979584 | X94: Y | Y94: =S94 -> SM01 SM02 SM09 SM11 SM15 SM16 SM18 SM20 SM23 | AA94: 1 | AB94: =IF(X94="N",0,(Q94*(1-R94)-V94)*(1-AA94)) -> 0 | AD94: SM01 SM09 SM15 make the IC enter a safe-sate. Latent coverage: 100%.
B95: FM_TTL_74 | F95: =F94 -> 0.010979584 | G95: Error of comission (i.e. triggered when it shouldn't be) | I95: • REF - Incorrect output value higher than the expected range • LDO - Reference voltage higher than the expected range • BIAS - Output reference voltage accuracy too low, including drift • SW_BANK - Incorrect slew rate value • OSC - Incorrect output frequency: higher than the expected range • DIETEMP - Incorrect output voltage | J95: Fail-safe mode active No communication | K95: X | O95: 1 | P95: Y | Q95: =F95*O95 -> 0.010979584 | R95: =IF(P95="N",100%,0%) -> 0 | S95: SM01 SM02 SM09 SM11 SM15 SM16 SM18 SM20 SM23 | U95: =IF(P95="N",0%,99%) -> 0.99 | V95: =IF(P95="N",0,Q95*(1-R95)*(1-U95)) -> 0.00010979584 | X95: Y | Y95: =S95 -> SM01 SM02 SM09 SM11 SM15 SM16 SM18 SM20 SM23 | AA95: 1 | AB95: =IF(X95="N",0,(Q95*(1-R95)-V95)*(1-AA95)) -> 0 | AD95: SM01 SM09 SM15 make the IC enter a safe-sate. Latent coverage: 100%.
B96: FM_TTL_75 | F96: =F95 -> 0.010979584 | G96: Incorrect settling time (i.e. outside the expected range) | I96: No effect | J96: No effect | K96: O | O96: 1 | P96: N | Q96: =F96*O96 -> 0.010979584 | R96: =IF(P96="N",100%,0%) -> 1 | X96: =P96 -> N
B97: FM_TTL_76 | F97: =F96 -> 0.010979584 | G97: Incorrect output | I97: • REF - Incorrect output value higher than the expected range • LDO - Reference voltage higher than the expected range • BIAS - Output reference voltage accuracy too low, including drift • SW_BANK - Incorrect slew rate value • OSC - Incorrect output frequency: higher than the expected range • DIETEMP - Incorrect output voltage | J97: Fail-safe mode active No communication | K97: X | O97: 1 | P97: Y | Q97: =F97*O97 -> 0.010979584 | R97: =IF(P97="N",100%,0%) -> 0 | S97: SM01 SM02 SM09 SM11 SM15 SM16 SM18 SM20 SM23 | U97: =IF(P97="N",0%,99%) -> 0.99 | V97: =IF(P97="N",0,Q97*(1-R97)*(1-U97)) -> 0.00010979584 | X97: Y | Y97: =S97 -> SM01 SM02 SM09 SM11 SM15 SM16 SM18 SM20 SM23 | AA97: 1 | AB97: =IF(X97="N",0,(Q97*(1-R97)-V97)*(1-AA97)) -> 0 | AD97: SM01 SM09 SM15 make the IC enter a safe-sate. Latent coverage: 100%.
B98: FM_TTL_77 | D98: SW_BANK_1 | E98: ='Core Block FIT rate'!L42 -> 1.1916875 | F98: =E98/6 -> 0.19861458 | G98: Driver is stuck in ON or OFF state | I98: Unintended LED ON/OFF | J98: Unintended LED ON/OFF | K98: X | O98: 1 | P98: Y | Q98: =F98*O98 -> 0.19861458 | R98: =IF(P98="N",100%,0%) -> 0 | S98: SM04 SM05 SM06 SM08 | U98: 0.99 | V98: =IF(P98="N",0,Q98*(1-R98)*(1-U98)) -> 0.0019861458 | X98: Y | Y98: =S98 -> SM04 SM05 SM06 SM08 | AA98: 0.8 | AB98: =IF(X98="N",0,(Q98*(1-R98)-V98)*(1-AA98)) -> 0.039325687
B99: FM_TTL_78 | F99: =F98 -> 0.19861458 | G99: Driver is floating (i.e. open circuit, tri-stated) | I99: Unintended LED ON | J99: Unintended LED ON | K99: X | O99: 1 | P99: Y | Q99: =F99*O99 -> 0.19861458 | R99: =IF(P99="N",100%,0%) -> 0 | S99: SM04 SM06 SM08 | U99: =IF(P99="N",0%,99%) -> 0.99 | V99: =IF(P99="N",0,Q99*(1-R99)*(1-U99)) -> 0.0019861458 | X99: Y | Y99: =S99 -> SM04 SM06 SM08 | AA99: 0.8 | AB99: =IF(X99="N",0,(Q99*(1-R99)-V99)*(1-AA99)) -> 0.039325687
B100: FM_TTL_79 | F100: =F99 -> 0.19861458 | G100: Driver resistance too high when turned on | I100: Unintended LED ON | J100: Unintended LED ON | K100: X | O100: 1 | P100: Y | Q100: =F100*O100 -> 0.19861458 | R100: =IF(P100="N",100%,0%) -> 0 | S100: SM03 SM06 SM24 | U100: =IF(P100="N",0%,99%) -> 0.99 | V100: =IF(P100="N",0,Q100*(1-R100)*(1-U100)) -> 0.0019861458 | X100: Y | Y100: =S100 -> SM03 SM06 SM24 | AA100: 0.8 | AB100: =IF(X100="N",0,(Q100*(1-R100)-V100)*(1-AA100)) -> 0.039325687
B101: FM_TTL_80 | F101: =F100 -> 0.19861458 | G101: Driver resistance too low when turned off | I101: Performance impact | J101: No effect | K101: X | O101: 1 | P101: N | Q101: =F101*O101 -> 0.19861458 | R101: =IF(P101="N",100%,0%) -> 1 | X101: N
B102: FM_TTL_81 | F102: =F101 -> 0.19861458 | G102: Driver turn-on time too fast or too slow | I102: Performance impact | J102: No effect | K102: O | O102: 1 | P102: N | Q102: =F102*O102 -> 0.19861458 | R102: =IF(P102="N",100%,0%) -> 1 | X102: N
B103: FM_TTL_82 | F103: =F102 -> 0.19861458 | G103: Driver turn-off time too fast or too slow | I103: Performance impact | J103: No effect | K103: O | O103: 1 | P103: N | Q103: =F103*O103 -> 0.19861458 | R103: =IF(P103="N",100%,0%) -> 1 | X103: N
...

Sheet PIN ASSIGN
H2: Document ID | J2: =Cover!$F$18 -> ELM-803-FS-0001
H3: Author | J3: =Cover!$F$19 -> Safety Manager | K3: =Cover!$G$19 -> I. Kök
H4: Version | J4: =Cover!$F$20 -> B2
H5: Status | J5: =Cover!$F$21 -> approved after review
A6: FMEDA
A8: =Cover!A9 -> ID803 - Vega
B10: PIN assignment
J11: pin No. | K11: pin Name
J12: 1 | K12: LED4
J13: 2 | K13: LED3
J14: 3 | K14: LED2
J15: 4 | K15: LED1A
J16: 5 | K16: LED1K
J17: 6 | K17: CS
J18: 7 | K18: GND
J19: 8 | K19: FS
J20: 9 | K20: ADC1
J21: 10 | K21: VDDO
J22: 11 | K22: ADC2
J23: 12 | K23: ADDR0
... J59: 48 | K59: LED5K

Sheet PAD(PSP))
V4: Document ID | X4: =Cover!$F$18 -> ELM-803-FS-0001
V5: Author | X5: =Cover!$F$19 -> Safety Manager | Z5: =Cover!$G$19 -> I. Kök
V6: Version | X6: =Cover!$F$20 -> B2
V7: Status | X7: =Cover!$F$21 -> approved after review
A9: FMEDA
A11: =Cover!A9 -> ID803 - Vega
C12: Safety Goal 이 명확한 블록 기반 분석
G14: λ | H14: =SUM(M22:M69) -> 2.4414577
B15: PAD/ESD 보호 소자 영역 고장률(FIT) | E15: ='Core Block FIT rate'!G22/3 -> 2.4414577 | G15: λSPF+λRF | H15: =SUM(R22:R69) -> 0.06663145
B16: Pad count | E16: 48 | G16: λLF | H16: =SUM(X22:X69) -> 0.25238569
K18: Permanent Failures
C19: Golden Master | K19: Single Point Failures | T19: Latent Failure
B20: 고장 모드 번호 PSP (Pad Short to Power) | C20: PIN# | D20: Pad명 | E20: 보호 소자 쇼트처(전원 소스) | F20: 각 PAD 고장율 (FIT) | G20: IC 단품으로써의 영향 | H20: ECU (시스템)에의 영향 | I20: IC단품영향에 대처와 판단 | K20: 비율 (50% 고정) | L20: 안전과 관계되는가? | M20: 항목 고장율(FIT) | N20: 안전 고장의 비율 | O20: 안전 기구 (IC) | P20: 안전 기구 (System) | Q20: 검출율(SPF) | R20: 잔존 고장의 고장율(FIT) | T20: Latent Failure는 안전과 관계되는가? | U20: 안전 기구 (IC) | V20: 안전 기구 (System) | W20: 검출율 | X20: Latent Failure의 고장율(FIT) | Z20: Comment
B21: Failure Mode Number | C21: Pin Number | D21: Pin Name | E21: Power source connected through ESD protection | F21: PAD Failure rate [FIT] | G21: effects on the IC output | H21: effects on the system | I21: memo X - Violation of SG O - No violation | K21: Failure distribution | L21: Single Point Failure mode can violate the safety goal in the absense of safety mecahnism | M21: Failure rate [FIT] | N21: Percentage of Safe Faults | O21: Safety mechanism(s) (IC) allowing to prevent the violation of the safety goal | P21: Safety mechanism(s) (System) allowing to prevent the violation of the safety goal | Q21: Failure mode coverage wrt. violation of safety goal | R21: Residual or Single Point Fault failure rate [FIT] | T21: Latent Failure mode can violate the safety goal in the absense of safety mecahnism | U21: Safety mechanism(s) (IC) to prevent latent faults | V21: Safety mechanism(s) (System) to prevent latent faults | W21: Failure mode coverage wrt. Latent failures | X21: Latent Multiple Point Fault failure rate [FIT]
B22: FM_PSP_1 | C22: 1 | D22: LED4 | F22: =$E$15/$E$16 -> 0.050863702 | G22: Unintended LED turn OFF, high current on pass devices | H22: Unintended LED OFF | I22: X | K22: 1 | L22: Y | M22: =F22*K22 -> 0.050863702 | N22: =IF(L22="N",100%,0%) -> 0 | O22: SM04 SM17 | Q22: 0.99 | R22: =IF(L22="N",0,M22*(1-N22)*(1-Q22)) -> 0.00050863702 | T22: Y | U22: =O22 -> SM04 SM17 | W22: 0.8 | X22: =IF(T22="N",0,(M22*(1-N22)-R22)*(1-W22)) -> 0.010071013
B23: FM_PSP_2 | C23: 2 | D23: LED3 | F23: =$E$15/$E$16 -> 0.050863702 | G23: Unintended LED turn OFF, high current on pass devices | H23: Unintended LED OFF | I23: X | K23: 1 | L23: Y | M23: =F23*K23 -> 0.050863702 | N23: =IF(L23="N",100%,0%) -> 0 | O23: SM04 SM17 | Q23: 0.99 | R23: =IF(L23="N",0,M23*(1-N23)*(1-Q23)) -> 0.00050863702 | T23: Y | U23: =O23 -> SM04 SM17 | W23: 0.8 | X23: =IF(T23="N",0,(M23*(1-N23)-R23)*(1-W23)) -> 0.010071013
B24: FM_PSP_3 | C24: 3 | D24: LED2 | F24: =$E$15/$E$16 -> 0.050863702 | G24: Unintended LED turn OFF, high current on pass devices | H24: Unintended LED OFF | I24: X | K24: 1 | L24: Y | M24: =F24*K24 -> 0.050863702 | N24: =IF(L24="N",100%,0%) -> 0 | O24: SM04 SM17 | Q24: 0.99 | R24: =IF(L24="N",0,M24*(1-N24)*(1-Q24)) -> 0.00050863702 | T24: Y | U24: =O24 -> SM04 SM17 | W24: 0.8 | X24: =IF(T24="N",0,(M24*(1-N24)-R24)*(1-W24)) -> 0.010071013
B25: FM_PSP_4 | C25: 4 | D25: LED1A | F25: =$E$15/$E$16 -> 0.050863702 | G25: Unintended LED turn OFF, high current on pass devices | H25: Unintended LED OFF | I25: X | K25: 1 | L25: Y | M25: =F25*K25 -> 0.050863702 | N25: =IF(L25="N",100%,0%) -> 0 | O25: SM04 SM17 | Q25: 0.99 | R25: =IF(L25="N",0,M25*(1-N25)*(1-Q25)) -> 0.00050863702 | T25: Y | U25: =O25 -> SM04 SM17 | W25: 0.8 | X25: =IF(T25="N",0,(M25*(1-N25)-R25)*(1-W25)) -> 0.010071013
B26: FM_PSP_5 | C26: 5 | D26: LED1K | F26: =$E$15/$E$16 -> 0.050863702 | G26: Current Sense Reading Error | H26: No effect | I26: O | K26: 1 | L26: N | M26: =F26*K26 -> 0.050863702 | N26: =IF(L26="N",100%,0%) -> 1 | T26: =L26 -> N | U26: =O26
B27: FM_PSP_6 | C27: 6 | D27: CS | F27: =$E$15/$E$16 -> 0.050863702 | G27: Current Sense Reading Error | H27: No effect | I27: O | K27: 1 | L27: N | M27: =F27*K27 -> 0.050863702 | N27: =IF(L27="N",100%,0%) -> 1 | T27: N
B28: FM_PSP_7 | C28: 7 | D28: GND | F28: =$E$15/$E$16 -> 0.050863702 | G28: Device power-off | H28: Unintended LED ON | I28: X | K28: 1 | L28: Y | M28: =F28*K28 -> 0.050863702 | N28: =IF(L28="N",100%,0%) -> 0 | O28: SM01 SM15 SM16 SM22 | Q28: 0.99 | R28: =IF(L28="N",0,M28*(1-N28)*(1-Q28)) -> 0.00050863702 | T28: =L28 -> Y | U28: =O28 -> SM01 SM15 SM16 SM22 | W28: 1 | X28: =IF(T28="N",0,(M28*(1-N28)-R28)*(1-W28)) -> 0 | Z28: NOTE 2: SM22 activate safe-state due to VDD fault, 100% MPC.
B29: FM_PSP_8 | C29: 8 | D29: FS | F29: =$E$15/$E$16 -> 0.050863702 | G29: Switches always ON in FS mode | H29: LEDs always OFF in FS mode | I29: O | K29: 1 | L29: N | M29: =F29*K29 -> 0.050863702 | N29: =IF(L29="N",100%,0%) -> 1 | T29: =L29 -> N | U29: =O29
B30: FM_PSP_9 | C30: 9 | D30: ADC1 | F30: =$E$15/$E$16 -> 0.050863702 | G30: Cannot use ADC1 to external reading | H30: No effect | I30: O | K30: 1 | L30: N | M30: =F30*K30 -> 0.050863702 | N30: =IF(L30="N",100%,0%) -> 1 | T30: N
B31: FM_PSP_10 | C31: 10 | D31: VDDO | F31: =$E$15/$E$16 -> 0.050863702 | G31: No effect, same pin | H31: No effect | I31: O | K31: 1 | L31: N | M31: =F31*K31 -> 0.050863702 | N31: =IF(L31="N",100%,0%) -> 1 | T31: N
B32: FM_PSP_11 | C32: 11 | D32: ADC2 | F32: =$E$15/$E$16 -> 0.050863702 | G32: Cannot use ADC1 to external reading | H32: No effect | I32: O | K32: 1 | L32: N | M32: =F32*K32 -> 0.050863702 | N32: =IF(L32="N",100%,0%) -> 1 | T32: N
B33: FM_PSP_12 | C33: 12 | D33: ADDR0 | F33: =$E$15/$E$16 -> 0.050863702 | G33: UART Communication Error. Operate in FS. | H33: Fail-safe mode active | I33: X | K33: 1 | L33: Y | M33: =F33*K33 -> 0.050863702 | N33: =IF(L33="N",100%,0%) -> 0 | O33: SM09 SM10 SM13 | Q33: 0.99 | R33: =IF(L33="N",0,M33*(1-N33)*(1-Q33)) -> 0.00050863702 | T33: =L33 -> Y | U33: =O33 -> SM09 SM10 SM13 | W33: 1 | X33: =IF(T33="N",0,(M33*(1-N33)-R33)*(1-W33)) -> 0 | Z33: NOTE 1
B34: FM_PSP_13 | C34: 13 | D34: VDD | F34: =$E$15/$E$16 -> 0.050863702 | G34: No effect, same pin | H34: No effect | I34: O | K34: 1 | L34: N | M34: =F34*K34 -> 0.050863702 | N34: =IF(L34="N",100%,0%) -> 1 | T34: N
B35: FM_PSP_14 | C35: 14 | D35: SYNC | F35: =$E$15/$E$16 -> 0.050863702 | G35: Unintended LED turn ON/OFF | H35: Unintended LED ON/OFF | I35: X | K35: 1 | L35: Y | M35: =F35*K35 -> 0.050863702 | N35: =IF(L35="N",100%,0%) -> 0 | O35: SM21 | Q35: 0.6 | R35: =IF(L35="N",0,M35*(1-N35)*(1-Q35)) -> 0.020345481 | T35: =L35 -> Y | W35: 0 | X35: =IF(T35="N",0,(M35*(1-N35)-R35)*(1-W35)) -> 0.030518221
B36: FM_PSP_15 | C36: 15 | D36: RX | F36: =$E$15/$E$16 -> 0.050863702 | G36: UART Communication Error. Operate in FS. | H36: Fail-safe mode active | I36: X | K36: 1 | L36: Y | M36: =F36*K36 -> 0.050863702 | N36: =IF(L36="N",100%,0%) -> 0 | O36: SM09 SM10 SM13 | Q36: 0.99 | R36: =IF(L36="N",0,M36*(1-N36)*(1-Q36)) -> 0.00050863702 | T36: =L36 -> Y | U36: =O36 -> SM09 SM10 SM13 | W36: 1 | X36: =IF(T36="N",0,(M36*(1-N36)-R36)*(1-W36)) -> 0 | Z36: NOTE 1
B37: FM_PSP_16 | C37: 16 | D37: NC2 | F37: =$E$15/$E$16 -> 0.050863702 | G37: No effect, no connection pin | H37: No effect | I37: O | K37: 1 | L37: N | M37: =F37*K37 -> 0.050863702 | N37: =IF(L37="N",100%,0%) -> 1 | T37: =L37 -> N | U37: =O37
B38: FM_PSP_17 | C38: 17 | D38: ADDR1 | F38: =$E$15/$E$16 -> 0.050863702 | G38: UART Communication Error. Operate in FS. | H38: Fail-safe mode active | I38: X | K38: 1 | L38: Y | M38: =F38*K38 -> 0.050863702 | N38: =IF(L38="N",100%,0%) -> 0 | O38: SM09 SM10 SM13 | Q38: 0.99 | R38: =IF(L38="N",0,M38*(1-N38)*(1-Q38)) -> 0.00050863702 | T38: =L38 -> Y | U38: =O38 -> SM09 SM10 SM13 | W38: 1 | X38: =IF(T38="N",0,(M38*(1-N38)-R38)*(1-W38)) -> 0 | Z38: NOTE 1: Since SM10 is a self-test for SM9, multi-point coverage is 100%.
B39: FM_PSP_18 | C39: 18 | D39: RX | F39: =$E$15/$E$16 -> 0.050863702 | G39: UART Communication Error. Operate in FS. | H39: Fail-safe mode active | I39: X | K39: 1 | L39: Y | M39: =F39*K39 -> 0.050863702 | N39: =IF(L39="N",100%,0%) -> 0 | O39: SM09 SM10 SM13 | Q39: 0.99 | R39: =IF(L39="N",0,M39*(1-N39)*(1-Q39)) -> 0.00050863702 | T39: =L39 -> Y | U39: =O39 -> SM09 SM10 SM13 | W39: 1 | X39: =IF(T39="N",0,(M39*(1-N39)-R39)*(1-W39)) -> 0
B40: FM_PSP_19 | C40: 19 | D40: CLK_SEL | F40: =$E$15/$E$16 -> 0.050863702 | G40: Cannot communicate at 8MHz. Operate in FS. | H40: Fail-safe mode active | I40: X | K40: 1 | L40: Y | M40: =F40*K40 -> 0.050863702 | N40: =IF(L40="N",100%,0%) -> 0 | O40: SM09 SM10 SM13 | Q40: 0.99 | R40: =IF(L40="N",0,M40*(1-N40)*(1-Q40)) -> 0.00050863702 | T40: =L40 -> Y | U40: =O40 -> SM09 SM10 SM13 | W40: 1 | X40: =IF(T40="N",0,(M40*(1-N40)-R40)*(1-W40)) -> 0
B41: FM_PSP_20 | C41: 20 | D41: TX | F41: =$E$15/$E$16 -> 0.050863702 | G41: UART Communication Error. Operate in FS. | H41: Fail-safe mode active | I41: X | K41: 1 | L41: Y | M41: =F41*K41 -> 0.050863702 | N41: =IF(L41="N",100%,0%) -> 0 | O41: SM09 SM10 SM13 | Q41: 0.99 | R41: =IF(L41="N",0,M41*(1-N41)*(1-Q41)) -> 0.00050863702 | T41: =L41 -> Y | U41: =O41 -> SM09 SM10 SM13 | W41: 1 | X41: =IF(T41="N",0,(M41*(1-N41)-R41)*(1-W41)) -> 0
B42: FM_PSP_21 | C42: 21 | D42: NC1 | F42: =$E$15/$E$16 -> 0.050863702 | G42: No effect, no connection pin | H42: No effect | I42: O | K42: 1 | L42: N | M42: =F42*K42 -> 0.050863702 | N42: =IF(L42="N",100%,0%) -> 1 | T42: =L42 -> N | U42: =O42
B43: FM_PSP_22 | C43: 22 | D43: SYNC | F43: =$E$15/$E$16 -> 0.050863702 | G43: Unintended LED turn ON/OFF | H43: Unintended LED ON/OFF | I43: X | K43: 1 | L43: Y | M43: =F43*K43 -> 0.050863702 | N43: =IF(L43="N",100%,0%) -> 0 | O43: SM21 | Q43: 0.6 | R43: =IF(L43="N",0,M43*(1-N43)*(1-Q43)) -> 0.020345481 | T43: =L43 -> Y | W43: 0 | X43: =IF(T43="N",0,(M43*(1-N43)-R43)*(1-W43)) -> 0.030518221
B44: FM_PSP_23 | C44: 23 | D44: GND2 | F44: =$E$15/$E$16 -> 0.050863702 | G44: Device power-off | H44: Unintended LED ON | I44: X | K44: 1 | L44: Y | M44: =F44*K44 -> 0.050863702 | N44: =IF(L44="N",100%,0%) -> 0 | O44: SM01 SM15 SM16 SM22 | Q44: 0.99 | R44: =IF(L44="N",0,M44*(1-N44)*(1-Q44)) -> 0.00050863702 | T44: =L44 -> Y | U44: =O44 -> SM01 SM15 SM16 SM22 | W44: 1 | X44: =IF(T44="N",0,(M44*(1-N44)-R44)*(1-W44)) -> 0 | Z44: NOTE 2
B45: FM_PSP_24 | C45: 24 | D45: TX | F45: =$E$15/$E$16 -> 0.050863702 | G45: UART Communication Error. Operate in FS. | H45: Fail-safe mode active | I45: X | K45: 1 | L45: Y | M45: =F45*K45 -> 0.050863702 | N45: =IF(L45="N",100%,0%) -> 0 | O45: SM09 SM10 SM13 | Q45: 0.99 | R45: =IF(L45="N",0,M45*(1-N45)*(1-Q45)) -> 0.00050863702 | T45: =L45 -> Y | U45: =O45 -> SM09 SM10 SM13 | W45: 1 | X45: =IF(T45="N",0,(M45*(1-N45)-R45)*(1-W45)) -> 0 | Z45: NOTE 1
B46: FM_PSP_25 | C46: 25 | D46: LED5K | F46: =$E$15/$E$16 -> 0.050863702 | G46: Unintended LED turn OFF, high current on pass devices | H46: Unintended LED OFF | I46: X | K46: 1 | L46: Y | M46: =F46*K46 -> 0.050863702 | N46: =IF(L46="N",100%,0%) -> 0 | O46: SM04 SM17 | Q46: 0.99 | R46: =IF(L46="N",0,M46*(1-N46)*(1-Q46)) -> 0.00050863702 | T46: Y | U46: =O46 -> SM04 SM17 | W46: 0.8 | X46: =IF(T46="N",0,(M46*(1-N46)-R46)*(1-W46)) -> 0.010071013
B47: FM_PSP_26 | C47: 26 | D47: LED11 | F47: =$E$15/$E$16 -> 0.050863702 | G47: Unintended LED turn OFF, high current on pass devices | H47: Unintended LED OFF | I47: X | K47: 1 | L47: Y | M47: =F47*K47 -> 0.050863702 | N47: =IF(L47="N",100%,0%) -> 0 | O47: SM04 SM17 | Q47: 0.99 | R47: =IF(L47="N",0,M47*(1-N47)*(1-Q47)) -> 0.00050863702 | T47: Y | U47: =O47 -> SM04 SM17 | W47: 0.8 | X47: =IF(T47="N",0,(M47*(1-N47)-R47)*(1-W47)) -> 0.010071013
B48: FM_PSP_27 | C48: 27 | D48: LED8 | F48: =$E$15/$E$16 -> 0.050863702 | G48: Unintended LED turn OFF, high current on pass devices | H48: Unintended LED OFF | I48: X | K48: 1 | L48: Y | M48: =F48*K48 -> 0.050863702 | N48: =IF(L48="N",100%,0%) -> 0 | O48: SM04 SM17 | Q48: 0.99 | R48: =IF(L48="N",0,M48*(1-N48)*(1-Q48)) -> 0.00050863702 | T48: Y | U48: =O48 -> SM04 SM17 | W48: 0.8 | X48: =IF(T48="N",0,(M48*(1-N48)-R48)*(1-W48)) -> 0.010071013
B49: FM_PSP_28 | C49: 28 | D49: LED5A | F49: =$E$15/$E$16 -> 0.050863702 | G49: Unintended LED turn OFF, high current on pass devices | H49: Unintended LED OFF | I49: X | K49: 1 | L49: Y | M49: =F49*K49 -> 0.050863702 | N49: =IF(L49="N",100%,0%) -> 0 | O49: SM04 SM17 | Q49: 0.99 | R49: =IF(L49="N",0,M49*(1-N49)*(1-Q49)) -> 0.00050863702 | T49: Y | U49: =O49 -> SM04 SM17 | W49: 0.8 | X49: =IF(T49="N",0,(M49*(1-N49)-R49)*(1-W49)) -> 0.010071013
B50: FM_PSP_29 | C50: 29 | D50: LED10 | F50: =$E$15/$E$16 -> 0.050863702 | G50: Unintended LED turn OFF, high current on pass devices | H50: Unintended LED OFF | I50: X | K50: 1 | L50: Y | M50: =F50*K50 -> 0.050863702 | N50: =IF(L50="N",100%,0%) -> 0 | O50: SM04 SM17 | Q50: 0.99 | R50: =IF(L50="N",0,M50*(1-N50)*(1-Q50)) -> 0.00050863702 | T50: Y | U50: =O50 -> SM04 SM17 | W50: 0.8 | X50: =IF(T50="N",0,(M50*(1-N50)-R50)*(1-W50)) -> 0.010071013
B51: FM_PSP_30 | C51: 30 | D51: LED9K | F51: =$E$15/$E$16 -> 0.050863702 | G51: Unintended LED turn OFF, high current on pass devices | H51: Unintended LED OFF | I51: X | K51: 1 | L51: Y | M51: =F51*K51 -> 0.050863702 | N51: =IF(L51="N",100%,0%) -> 0 | O51: SM04 SM17 | Q51: 0.99 | R51: =IF(L51="N",0,M51*(1-N51)*(1-Q51)) -> 0.00050863702 | T51: Y | U51: =O51 -> SM04 SM17 | W51: 0.8 | X51: =IF(T51="N",0,(M51*(1-N51)-R51)*(1-W51)) -> 0.010071013
B52: FM_PSP_31 | C52: 31 | D52: LED12 | F52: =$E$15/$E$16 -> 0.050863702 | G52: Unintended LED turn OFF, high current on pass devices | H52: Unintended LED OFF | I52: X | K52: 1 | L52: Y | M52: =F52*K52 -> 0.050863702 | N52: =IF(L52="N",100%,0%) -> 0 | O52: SM04 SM17 | Q52: 0.99 | R52: =IF(L52="N",0,M52*(1-N52)*(1-Q52)) -> 0.00050863702 | T52: Y | U52: =O52 -> SM04 SM17 | W52: 0.8 | X52: =IF(T52="N",0,(M52*(1-N52)-R52)*(1-W52)) -> 0.010071013
B53: FM_PSP_32 | C53: 32 | D53: LED6 | F53: =$E$15/$E$16 -> 0.050863702 | G53: Unintended LED turn OFF, high current on pass devices | H53: Unintended LED OFF | I53: X | K53: 1 | L53: Y | M53: =F53*K53 -> 0.050863702 | N53: =IF(L53="N",100%,0%) -> 0 | O53: SM04 SM17 | Q53: 0.99 | R53: =IF(L53="N",0,M53*(1-N53)*(1-Q53)) -> 0.00050863702 | T53: Y | U53: =O53 -> SM04 SM17 | W53: 0.8 | X53: =IF(T53="N",0,(M53*(1-N53)-R53)*(1-W53)) -> 0.010071013
B54: FM_PSP_33 | C54: 33 | D54: LED7 | F54: =$E$15/$E$16 -> 0.050863702 | G54: Unintended LED turn OFF, high current on pass devices | H54: Unintended LED OFF | I54: X | K54: 1 | L54: Y | M54: =F54*K54 -> 0.050863702 | N54: =IF(L54="N",100%,0%) -> 0 | O54: SM04 SM17 | Q54: 0.99 | R54: =IF(L54="N",0,M54*(1-N54)*(1-Q54)) -> 0.00050863702 | T54: Y | U54: =O54 -> SM04 SM17 | W54: 0.8 | X54: =IF(T54="N",0,(M54*(1-N54)-R54)*(1-W54)) -> 0.010071013
B55: FM_PSP_34 | C55: 34 | D55: LED9A | F55: =$E$15/$E$16 -> 0.050863702 | G55: Unintended LED turn OFF, high current on pass devices | H55: Unintended LED OFF | I55: X | K55: 1 | L55: Y | M55: =F55*K55 -> 0.050863702 | N55: =IF(L55="N",100%,0%) -> 0 | O55: SM04 SM17 | Q55: 0.99 | R55: =IF(L55="N",0,M55*(1-N55)*(1-Q55)) -> 0.00050863702 | T55: Y | U55: =O55 -> SM04 SM17 | W55: 0.8 | X55: =IF(T55="N",0,(M55*(1-N55)-R55)*(1-W55)) -> 0.010071013
B56: FM_PSP_35 | C56: 35 | D56: NC3 | F56: =$E$15/$E$16 -> 0.050863702 | G56: No effect, no connection pin | H56: No effect | I56: O | K56: 1 | L56: N | M56: =F56*K56 -> 0.050863702 | N56: =IF(L56="N",100%,0%) -> 1 | T56: =L56 -> N | U56: =O56
B57: FM_PSP_36 | C57: 36 | D57: NC4 | F57: =$E$15/$E$16 -> 0.050863702 | G57: No effect, no connection pin | H57: No effect | I57: O | K57: 1 | L57: N | M57: =F57*K57 -> 0.050863702 | N57: =IF(L57="N",100%,0%) -> 1 | T57: =L57 -> N | U57: =O57
B58: FM_PSP_37 | C58: 37 | D58: LED13K | F58: =$E$15/$E$16 -> 0.050863702 | G58: Unintended LED turn OFF, high current on pass devices | H58: Unintended LED OFF | I58: X | K58: 1 | L58: Y | M58: =F58*K58 -> 0.050863702 | N58: =IF(L58="N",100%,0%) -> 0 | O58: SM04 SM17 | Q58: 0.99 | R58: =IF(L58="N",0,M58*(1-N58)*(1-Q58)) -> 0.00050863702 | T58: Y | U58: =O58 -> SM04 SM17 | W58: 0.8 | X58: =IF(T58="N",0,(M58*(1-N58)-R58)*(1-W58)) -> 0.010071013
B59: FM_PSP_38 | C59: 38 | D59: ADDR3 | F59: =$E$15/$E$16 -> 0.050863702 | G59: UART Communication Error. Operate in FS. | H59: Fail-safe mode active | I59: X | K59: 1 | L59: Y | M59: =F59*K59 -> 0.050863702 | N59: =IF(L59="N",100%,0%) -> 0 | O59: SM09 SM10 SM13 | Q59: 0.99 | R59: =IF(L59="N",0,M59*(1-N59)*(1-Q59)) -> 0.00050863702 | T59: =L59 -> Y | U59: =O59 -> SM09 SM10 SM13 | W59: 1 | X59: =IF(T59="N",0,(M59*(1-N59)-R59)*(1-W59)) -> 0 | Z59: NOTE 1
B60: FM_PSP_39 | C60: 39 | D60: LED16 | F60: =$E$15/$E$16 -> 0.050863702 | G60: Unintended LED turn OFF, high current on pass devices | H60: Unintended LED OFF | I60: X | K60: 1 | L60: Y | M60: =F60*K60 -> 0.050863702 | N60: =IF(L60="N",100%,0%) -> 0 | O60: SM04 SM17 | Q60: 0.99 | R60: =IF(L60="N",0,M60*(1-N60)*(1-Q60)) -> 0.00050863702 | T60: Y | U60: =O60 -> SM04 SM17 | W60: 0.8 | X60: =IF(T60="N",0,(M60*(1-N60)-R60)*(1-W60)) -> 0.010071013
B61: FM_PSP_40 | C61: 40 | D61: LED13A | F61: =$E$15/$E$16 -> 0.050863702 | G61: Unintended LED turn OFF, high current on pass devices | H61: Unintended LED OFF | I61: X | K61: 1 | L61: Y | M61: =F61*K61 -> 0.050863702 | N61: =IF(L61="N",100%,0%) -> 0 | O61: SM04 SM17 | Q61: 0.99 | R61: =IF(L61="N",0,M61*(1-N61)*(1-Q61)) -> 0.00050863702 | T61: Y | U61: =O61 -> SM04 SM17 | W61: 0.8 | X61: =IF(T61="N",0,(M61*(1-N61)-R61)*(1-W61)) -> 0.010071013
B62: FM_PSP_41 | C62: 41 | D62: GND3 | F62: =$E$15/$E$16 -> 0.050863702 | G62: Device power-off | H62: Unintended LED ON | I62: X | K62: 1 | L62: Y | M62: =F62*K62 -> 0.050863702 | N62: =IF(L62="N",100%,0%) -> 0 | O62: SM01 SM15 SM16 SM22 | Q62: 0.99 | R62: =IF(L62="N",0,M62*(1-N62)*(1-Q62)) -> 0.00050863702 | T62: =L62 -> Y | U62: =O62 -> SM01 SM15 SM16 SM22 | W62: 1 | X62: =IF(T62="N",0,(M62*(1-N62)-R62)*(1-W62)) -> 0 | Z62: NOTE 2
B63: FM_PSP_42 | C63: 42 | D63: CPN | F63: =$E$15/$E$16 -> 0.050863702 | G63: Unintended LED ON. Charge-pump fail. | H63: Unintended LED ON | I63: X | K63: 1 | L63: Y | M63: =F63*K63 -> 0.050863702 | N63: =IF(L63="N",100%,0%) -> 0 | O63: SM14 SM22 | Q63: 0.9 | R63: =IF(L63="N",0,M63*(1-N63)*(1-Q63)) -> 0.0050863702 | T63: =L63 -> Y | U63: =O63 -> SM14 SM22 | W63: 1 | X63: =IF(T63="N",0,(M63*(1-N63)-R63)*(1-W63)) -> 0 | Z63: NOTE 3: SM22 activate safe-state due to charge-pump fault, 100% MPC.
B64: FM_PSP_43 | C64: 43 | D64: ADDR2 | F64: =$E$15/$E$16 -> 0.050863702 | G64: UART Communication Error. Operate in FS. | H64: Fail-safe mode active | I64: X | K64: 1 | L64: Y | M64: =F64*K64 -> 0.050863702 | N64: =IF(L64="N",100%,0%) -> 0 | O64: SM09 SM10 SM13 | Q64: 0.99 | R64: =IF(L64="N",0,M64*(1-N64)*(1-Q64)) -> 0.00050863702 | T64: =L64 -> Y | U64: =O64 -> SM09 SM10 SM13 | W64: 1 | X64: =IF(T64="N",0,(M64*(1-N64)-R64)*(1-W64)) -> 0 | Z64: NOTE 1
B65: FM_PSP_44 | C65: 44 | D65: LED14 | F65: =$E$15/$E$16 -> 0.050863702 | G65: Unintended LED turn OFF, high current on pass devices | H65: Unintended LED OFF | I65: X | K65: 1 | L65: Y | M65: =F65*K65 -> 0.050863702 | N65: =IF(L65="N",100%,0%) -> 0 | O65: SM04 SM17 | Q65: 0.99 | R65: =IF(L65="N",0,M65*(1-N65)*(1-Q65)) -> 0.00050863702 | T65: Y | U65: =O65 -> SM04 SM17 | W65: 0.8 | X65: =IF(T65="N",0,(M65*(1-N65)-R65)*(1-W65)) -> 0.010071013
B66: FM_PSP_45 | C66: 45 | D66: LED15 | F66: =$E$15/$E$16 -> 0.050863702 | G66: Unintended LED turn OFF, high current on pass devices | H66: Unintended LED OFF | I66: X | K66: 1 | L66: Y | M66: =F66*K66 -> 0.050863702 | N66: =IF(L66="N",100%,0%) -> 0 | O66: SM04 SM17 | Q66: 0.99 | R66: =IF(L66="N",0,M66*(1-N66)*(1-Q66)) -> 0.00050863702 | T66: Y | U66: =O66 -> SM04 SM17 | W66: 0.8 | X66: =IF(T66="N",0,(M66*(1-N66)-R66)*(1-W66)) -> 0.010071013
B67: FM_PSP_46 | C67: 46 | D67: NC6 | F67: =$E$15/$E$16 -> 0.050863702 | G67: No effect, no connection pin | H67: No effect | I67: O | K67: 1 | L67: N | M67: =F67*K67 -> 0.050863702 | N67: =IF(L67="N",100%,0%) -> 1 | T67: =L67 -> N | U67: =O67
B68: FM_PSP_47 | C68: 47 | D68: NC5 | F68: =$E$15/$E$16 -> 0.050863702 | G68: No effect, no connection pin | H68: No effect | I68: O | K68: 1 | L68: N | M68: =F68*K68 -> 0.050863702 | N68: =IF(L68="N",100%,0%) -> 1 | T68: =L68 -> N | U68: =O68
B69: FM_PSP_48 | C69: 48 | D69: CPP | F69: =$E$15/$E$16 -> 0.050863702 | G69: Unintended LED ON. Charge-pump fail. | H69: Unintended LED ON | I69: X | K69: 1 | L69: Y | M69: =F69*K69 -> 0.050863702 | N69: =IF(L69="N",100%,0%) -> 0 | O69: SM14 SM22 | Q69: 0.9 | R69: =IF(L69="N",0,M69*(1-N69)*(1-Q69)) -> 0.0050863702 | T69: =L69 -> Y | U69: =O69 -> SM14 SM22 | W69: 1 | X69: =IF(T69="N",0,(M69*(1-N69)-R69)*(1-W69)) -> 0 | Z69: NOTE 3
F70: =SUM(F22:F69) -> 2.4414577 | M70: =SUM(M22:M69) -> 2.4414577 | R70: =SUM(R22:R69) -> 0.06663145 | X70: =SUM(X22:X69) -> 0.25238569

Sheet PAD(PSG))
V4: Document ID | X4: =Cover!$F$18 -> ELM-803-FS-0001
V5: Author | X5: =Cover!$F$19 -> Safety Manager | Z5: =Cover!$G$19 -> I. Kök
V6: Version | X6: =Cover!$F$20 -> B2
V7: Status | X7: =Cover!$F$21 -> approved after review
A9: FMEDA
A11: =Cover!A9 -> ID803 - Vega
C12: Safety Goal 이 명확한 블록 기반 분석
G14: λ | H14: =SUM(M22:M69) -> 2.4414577
B15: PAD/ESD 보호 소자 영역 고장률(FIT) | E15: ='Core Block FIT rate'!G22/3 -> 2.4414577 | G15: λSPF+λRF | H15: =SUM(R22:R69) -> 0.066122813
B16: Pad count | E16: ='PAD(PSP))'!E16 -> 48 | G16: λLF | H16: =SUM(X22:X69) -> 0.25238569
K18: Permanent Failures
C19: Golden Master | K19: Single Point Failures | T19: Latent Failure
B20: 고장 모드 번호 PSG (Pad Short to GND) | C20: PIN# | D20: Pad명 | E20: 보호 소자 쇼트처(전원 소스) | F20: 각 PAD 고장율 (FIT) | G20: IC 단품으로써의 영향 | H20: ECU (시스템)에의 영향 | I20: IC단품영향에 대처와 판단 | K20: 비율 (50% 고정) | L20: 안전과 관계되는가? | M20: 항목 고장율(FIT) | N20: 안전 고장의 비율 | O20: 안전 기구 (IC) | P20: 안전 기구 (System) | Q20: 검출율(SPF) | R20: 잔존 고장의 고장율(FIT) | T20: Latent Failure는 안전과 관계되는가? | U20: 안전 기구 (IC) | V20: 안전 기구 (System) | W20: 검출율 | X20: Latent Failure의 고장율(FIT) | Z20: Comment
B21: Failure Mode Number | C21: Pin Number | D21: Pin Name | E21: Power source connected through ESD protection | F21: PAD Failure rate [FIT] | G21: effects on the IC output | H21: effects on the system | I21: memo X - Violation of SG O - No violation | K21: Failure distribution | L21: Single Point Failure mode can violate the safety goal in the absense of safety mecahnism | M21: Failure rate [FIT] | N21: Percentage of Safe Faults | O21: Safety mechanism(s) (IC) allowing to prevent the violation of the safety goal | P21: Safety mechanism(s) (System) allowing to prevent the violation of the safety goal | Q21: Failure mode coverage wrt. violation of safety goal | R21: Residual or Single Point Fault failure rate [FIT] | T21: Latent Failure mode can violate the safety goal in the absense of safety mecahnism | U21: Safety mechanism(s) (IC) to prevent latent faults | V21: Safety mechanism(s) (System) to prevent latent faults | W21: Failure mode coverage wrt. Latent failures | X21: Latent Multiple Point Fault failure rate [FIT]
B22: FM_PSG_1 | C22: 1 | D22: LED4 | F22: =$E$15/$E$16 -> 0.050863702 | G22: Unintended LED turn OFF | H22: Unintended LED OFF | I22: X | K22: 1 | L22: Y | M22: =F22*K22 -> 0.050863702 | N22: =IF(L22="N",100%,0%) -> 0 | O22: SM05 SM06 | Q22: 0.99 | R22: =IF(L22="N",0,M22*(1-N22)*(1-Q22)) -> 0.00050863702 | T22: =L22 -> Y | U22: =O22 -> SM05 SM06 | W22: 0.8 | X22: =IF(T22="N",0,(M22*(1-N22)-R22)*(1-W22)) -> 0.010071013 | Z22: NOTE 2: SM06 Driver health check can be used to MPF.
B23: FM_PSG_2 | C23: 2 | D23: LED3 | F23: =$E$15/$E$16 -> 0.050863702 | G23: Unintended LED turn OFF | H23: Unintended LED OFF | I23: X | K23: 1 | L23: Y | M23: =F23*K23 -> 0.050863702 | N23: =IF(L23="N",100%,0%) -> 0 | O23: SM05 SM06 | Q23: 0.99 | R23: =IF(L23="N",0,M23*(1-N23)*(1-Q23)) -> 0.00050863702 | T23: =L23 -> Y | U23: =O23 -> SM05 SM06 | W23: 0.8 | X23: =IF(T23="N",0,(M23*(1-N23)-R23)*(1-W23)) -> 0.010071013 | Z23: NOTE 2
B24: FM_PSG_3 | C24: 3 | D24: LED2 | F24: =$E$15/$E$16 -> 0.050863702 | G24: Unintended LED turn OFF | H24: Unintended LED OFF | I24: X | K24: 1 | L24: Y | M24: =F24*K24 -> 0.050863702 | N24: =IF(L24="N",100%,0%) -> 0 | O24: SM05 SM06 | Q24: 0.99 | R24: =IF(L24="N",0,M24*(1-N24)*(1-Q24)) -> 0.00050863702 | T24: =L24 -> Y | U24: =O24 -> SM05 SM06 | W24: 0.8 | X24: =IF(T24="N",0,(M24*(1-N24)-R24)*(1-W24)) -> 0.010071013 | Z24: NOTE 2
B25: FM_PSG_4 | C25: 4 | D25: LED1A | F25: =$E$15/$E$16 -> 0.050863702 | G25: Unintended LED turn OFF | H25: Unintended LED OFF | I25: X | K25: 1 | L25: Y | M25: =F25*K25 -> 0.050863702 | N25: =IF(L25="N",100%,0%) -> 0 | O25: SM05 SM06 | Q25: 0.99 | R25: =IF(L25="N",0,M25*(1-N25)*(1-Q25)) -> 0.00050863702 | T25: =L25 -> Y | U25: =O25 -> SM05 SM06 | W25: 0.8 | X25: =IF(T25="N",0,(M25*(1-N25)-R25)*(1-W25)) -> 0.010071013 | Z25: NOTE 2
B26: FM_PSG_5 | C26: 5 | D26: LED1K | F26: =$E$15/$E$16 -> 0.050863702 | G26: Current Sense Reading Error | H26: No effect | I26: O | K26: 1 | L26: N | M26: =F26*K26 -> 0.050863702 | N26: =IF(L26="N",100%,0%) -> 1 | T26: =L26 -> N | U26: =O26
B27: FM_PSG_6 | C27: 6 | D27: CS | F27: =$E$15/$E$16 -> 0.050863702 | G27: Current Sense Reading Error | H27: No effect | I27: O | K27: 1 | L27: N | M27: =F27*K27 -> 0.050863702 | N27: =IF(L27="N",100%,0%) -> 1 | T27: =L27 -> N | U27: =O27
B28: FM_PSG_7 | C28: 7 | D28: GND | F28: =$E$15/$E$16 -> 0.050863702 | G28: No effect, same pin | H28: No effect | I28: O | K28: 1 | L28: N | M28: =F28*K28 -> 0.050863702 | N28: =IF(L28="N",100%,0%) -> 1 | T28: =L28 -> N | U28: =O28
B29: FM_PSG_8 | C29: 8 | D29: FS | F29: =$E$15/$E$16 -> 0.050863702 | G29: Switches always OFF in FS mode | H29: LEDs always OFF in FS mode | I29: O | K29: 1 | L29: N | M29: =F29*K29 -> 0.050863702 | N29: =IF(L29="N",100%,0%) -> 1 | T29: =L29 -> N | U29: =O29
B30: FM_PSG_9 | C30: 9 | D30: ADC1 | F30: =$E$15/$E$16 -> 0.050863702 | G30: Cannot use ADC1 to external reading | H30: No effect | I30: O | K30: 1 | L30: N | M30: =F30*K30 -> 0.050863702 | N30: =IF(L30="N",100%,0%) -> 1 | T30: =L30 -> N | U30: =O30
B31: FM_PSG_10 | C31: 10 | D31: VDDO | F31: =$E$15/$E$16 -> 0.050863702 | G31: Device power-off | H31: Unintended LED ON | I31: X | K31: 1 | L31: Y | M31: =F31*K31 -> 0.050863702 | N31: =IF(L31="N",100%,0%) -> 0 | O31: SM01 SM15 SM16 SM22 | Q31: 0.99 | R31: =IF(L31="N",0,M31*(1-N31)*(1-Q31)) -> 0.00050863702 | T31: =L31 -> Y | U31: =O31 -> SM01 SM15 SM16 SM22 | W31: 1 | X31: =IF(T31="N",0,(M31*(1-N31)-R31)*(1-W31)) -> 0 | Z31: NOTE 4: SM22 activate safe-state due to VDD fault, 100% MPC.
B32: FM_PSG_11 | C32: 11 | D32: ADC2 | F32: =$E$15/$E$16 -> 0.050863702 | G32: Cannot use ADC1 to external reading | H32: No effect | I32: O | K32: 1 | L32: N | M32: =F32*K32 -> 0.050863702 | N32: =IF(L32="N",100%,0%) -> 1 | T32: =L32 -> N | U32: =O32
B33: FM_PSG_12 | C33: 12 | D33: ADDR0 | F33: =$E$15/$E$16 -> 0.050863702 | G33: UART Communication Error. Operate in FS. | H33: Fail-safe mode active | I33: X | K33: 1 | L33: Y | M33: =F33*K33 -> 0.050863702 | N33: =IF(L33="N",100%,0%) -> 0 | O33: SM09 SM10 SM13 | Q33: 0.99 | R33: =IF(L33="N",0,M33*(1-N33)*(1-Q33)) -> 0.00050863702 | T33: =L33 -> Y | U33: =O33 -> SM09 SM10 SM13 | W33: 1 | X33: =IF(T33="N",0,(M33*(1-N33)-R33)*(1-W33)) -> 0 | Z33: NOTE 1
B34: FM_PSG_13 | C34: 13 | D34: VDD | F34: =$E$15/$E$16 -> 0.050863702 | G34: Device power-off | H34: Unintended LED ON | I34: X | K34: 1 | L34: Y | M34: =F34*K34 -> 0.050863702 | N34: =IF(L34="N",100%,0%) -> 0 | O34: SM01 SM15 SM16 SM22 | Q34: 0.99 | R34: =IF(L34="N",0,M34*(1-N34)*(1-Q34)) -> 0.00050863702 | T34: =L34 -> Y | U34: =O34 -> SM01 SM15 SM16 SM22 | W34: 1 | X34: =IF(T34="N",0,(M34*(1-N34)-R34)*(1-W34)) -> 0 | Z34: NOTE 4
B35: FM_PSG_14 | C35: 14 | D35: SYNC | F35: =$E$15/$E$16 -> 0.050863702 | G35: Unintended LED turn ON/OFF | H35: Unintended LED turn ON/OFF | I35: X | K35: 1 | L35: Y | M35: =F35*K35 -> 0.050863702 | N35: =IF(L35="N",100%,0%) -> 0 | O35: SM21 | Q35: 0.6 | R35: =IF(L35="N",0,M35*(1-N35)*(1-Q35)) -> 0.020345481 | T35: =L35 -> Y | W35: 0 | X35: =IF(T35="N",0,(M35*(1-N35)-R35)*(1-W35)) -> 0.030518221
B36: FM_PSG_15 | C36: 15 | D36: RX | F36: =$E$15/$E$16 -> 0.050863702 | G36: UART Communication Error. Operate in FS. | H36: Fail-safe mode active | I36: X | K36: 1 | L36: Y | M36: =F36*K36 -> 0.050863702 | N36: =IF(L36="N",100%,0%) -> 0 | O36: SM09 SM10 SM13 | Q36: 0.99 | R36: =IF(L36="N",0,M36*(1-N36)*(1-Q36)) -> 0.00050863702 | T36: =L36 -> Y | U36: =O36 -> SM09 SM10 SM13 | W36: 1 | X36: =IF(T36="N",0,(M36*(1-N36)-R36)*(1-W36)) -> 0 | Z36: NOTE 1
B37: FM_PSG_16 | C37: 16 | D37: NC2 | F37: =$E$15/$E$16 -> 0.050863702 | G37: No effect, no connection pin | H37: No effect | I37: O | K37: 1 | L37: N | M37: =F37*K37 -> 0.050863702 | N37: =IF(L37="N",100%,0%) -> 1 | T37: =L37 -> N | U37: =O37
B38: FM_PSG_17 | C38: 17 | D38: ADDR1 | F38: =$E$15/$E$16 -> 0.050863702 | G38: UART Communication Error. Operate in FS. | H38: Fail-safe mode active | I38: X | K38: 1 | L38: Y | M38: =F38*K38 -> 0.050863702 | N38: =IF(L38="N",100%,0%) -> 0 | O38: SM09 SM10 SM13 | Q38: 0.99 | R38: =IF(L38="N",0,M38*(1-N38)*(1-Q38)) -> 0.00050863702 | T38: =L38 -> Y | U38: =O38 -> SM09 SM10 SM13 | W38: 1 | X38: =IF(T38="N",0,(M38*(1-N38)-R38)*(1-W38)) -> 0 | Z38: NOTE 1: Since SM10 is a self-test for SM9, multi-point coverage is 100%.
B39: FM_PSG_18 | C39: 18 | D39: RX | F39: =$E$15/$E$16 -> 0.050863702 | G39: UART Communication Error. Operate in FS. | H39: Fail-safe mode active | I39: X | K39: 1 | L39: Y | M39: =F39*K39 -> 0.050863702 | N39: =IF(L39="N",100%,0%) -> 0 | O39: SM09 SM10 SM13 | Q39: 0.99 | R39: =IF(L39="N",0,M39*(1-N39)*(1-Q39)) -> 0.00050863702 | T39: =L39 -> Y | U39: =O39 -> SM09 SM10 SM13 | W39: 1 | X39: =IF(T39="N",0,(M39*(1-N39)-R39)*(1-W39)) -> 0
B40: FM_PSG_19 | C40: 19 | D40: CLK_SEL | F40: =$E$15/$E$16 -> 0.050863702 | G40: Cannot communicate at 16MHz. Operate in FS. | H40: Fail-safe mode active | I40: X | K40: 1 | L40: Y | M40: =F40*K40 -> 0.050863702 | N40: =IF(L40="N",100%,0%) -> 0 | O40: SM09 SM10 SM13 | Q40: 0.99 | R40: =IF(L40="N",0,M40*(1-N40)*(1-Q40)) -> 0.00050863702 | T40: =L40 -> Y | U40: =O40 -> SM09 SM10 SM13 | W40: 1 | X40: =IF(T40="N",0,(M40*(1-N40)-R40)*(1-W40)) -> 0
B41: FM_PSG_20 | C41: 20 | D41: TX | F41: =$E$15/$E$16 -> 0.050863702 | G41: UART Communication Error. Operate in FS. | H41: Fail-safe mode active | I41: X | K41: 1 | L41: Y | M41: =F41*K41 -> 0.050863702 | N41: =IF(L41="N",100%,0%) -> 0 | O41: SM09 SM10 SM13 | Q41: 0.99 | R41: =IF(L41="N",0,M41*(1-N41)*(1-Q41)) -> 0.00050863702 | T41: =L41 -> Y | U41: =O41 -> SM09 SM10 SM13 | W41: 1 | X41: =IF(T41="N",0,(M41*(1-N41)-R41)*(1-W41)) -> 0
B42: FM_PSG_21 | C42: 21 | D42: NC1 | F42: =$E$15/$E$16 -> 0.050863702 | G42: No effect, no connection pin | H42: No effect | I42: O | K42: 1 | L42: N | M42: =F42*K42 -> 0.050863702 | N42: =IF(L42="N",100%,0%) -> 1 | T42: =L42 -> N | U42: =O42
B43: FM_PSG_22 | C43: 22 | D43: SYNC | F43: =$E$15/$E$16 -> 0.050863702 | G43: Unintended LED turn ON/OFF | H43: Unintended LED turn ON/OFF | I43: X | K43: 1 | L43: Y | M43: =F43*K43 -> 0.050863702 | N43: =IF(L43="N",100%,0%) -> 0 | O43: SM21 | Q43: 0.6 | R43: =IF(L43="N",0,M43*(1-N43)*(1-Q43)) -> 0.020345481 | T43: =L43 -> Y | W43: 0 | X43: =IF(T43="N",0,(M43*(1-N43)-R43)*(1-W43)) -> 0.030518221
B44: FM_PSG_23 | C44: 23 | D44: GND2 | F44: =$E$15/$E$16 -> 0.050863702 | G44: No effect, same pin | H44: No effect | I44: O | K44: 1 | L44: N | M44: =F44*K44 -> 0.050863702 | N44: =IF(L44="N",100%,0%) -> 1 | T44: =L44 -> N | U44: =O44
B45: FM_PSG_24 | C45: 24 | D45: TX | F45: =$E$15/$E$16 -> 0.050863702 | G45: UART Communication Error. Operate in FS. | H45: Fail-safe mode active | I45: X | K45: 1 | L45: Y | M45: =F45*K45 -> 0.050863702 | N45: =IF(L45="N",100%,0%) -> 0 | O45: SM09 SM10 SM13 | Q45: 0.99 | R45: =IF(L45="N",0,M45*(1-N45)*(1-Q45)) -> 0.00050863702 | T45: =L45 -> Y | U45: =O45 -> SM09 SM10 SM13 | W45: 1 | X45: =IF(T45="N",0,(M45*(1-N45)-R45)*(1-W45)) -> 0 | Z45: NOTE 1
B46: FM_PSG_25 | C46: 25 | D46: LED5K | F46: =$E$15/$E$16 -> 0.050863702 | G46: Unintended LED turn OFF | H46: Unintended LED OFF | I46: X | K46: 1 | L46: Y | M46: =F46*K46 -> 0.050863702 | N46: =IF(L46="N",100%,0%) -> 0 | O46: SM05 SM06 | Q46: 0.99 | R46: =IF(L46="N",0,M46*(1-N46)*(1-Q46)) -> 0.00050863702 | T46: =L46 -> Y | U46: =O46 -> SM05 SM06 | W46: 0.8 | X46: =IF(T46="N",0,(M46*(1-N46)-R46)*(1-W46)) -> 0.010071013 | Z46: NOTE 2
B47: FM_PSG_26 | C47: 26 | D47: LED11 | F47: =$E$15/$E$16 -> 0.050863702 | G47: Unintended LED turn OFF | H47: Unintended LED OFF | I47: X | K47: 1 | L47: Y | M47: =F47*K47 -> 0.050863702 | N47: =IF(L47="N",100%,0%) -> 0 | O47: SM05 SM06 | Q47: 0.99 | R47: =IF(L47="N",0,M47*(1-N47)*(1-Q47)) -> 0.00050863702 | T47: =L47 -> Y | U47: =O47 -> SM05 SM06 | W47: 0.8 | X47: =IF(T47="N",0,(M47*(1-N47)-R47)*(1-W47)) -> 0.010071013 | Z47: NOTE 2
B48: FM_PSG_27 | C48: 27 | D48: LED8 | F48: =$E$15/$E$16 -> 0.050863702 | G48: Unintended LED turn OFF | H48: Unintended LED OFF | I48: X | K48: 1 | L48: Y | M48: =F48*K48 -> 0.050863702 | N48: =IF(L48="N",100%,0%) -> 0 | O48: SM05 SM06 | Q48: 0.99 | R48: =IF(L48="N",0,M48*(1-N48)*(1-Q48)) -> 0.00050863702 | T48: =L48 -> Y | U48: =O48 -> SM05 SM06 | W48: 0.8 | X48: =IF(T48="N",0,(M48*(1-N48)-R48)*(1-W48)) -> 0.010071013 | Z48: NOTE 2
B49: FM_PSG_28 | C49: 28 | D49: LED5A | F49: =$E$15/$E$16 -> 0.050863702 | G49: Unintended LED turn OFF | H49: Unintended LED OFF | I49: X | K49: 1 | L49: Y | M49: =F49*K49 -> 0.050863702 | N49: =IF(L49="N",100%,0%) -> 0 | O49: SM05 SM06 | Q49: 0.99 | R49: =IF(L49="N",0,M49*(1-N49)*(1-Q49)) -> 0.00050863702 | T49: =L49 -> Y | U49: =O49 -> SM05 SM06 | W49: 0.8 | X49: =IF(T49="N",0,(M49*(1-N49)-R49)*(1-W49)) -> 0.010071013 | Z49: NOTE 2
B50: FM_PSG_29 | C50: 29 | D50: LED10 | F50: =$E$15/$E$16 -> 0.050863702 | G50: Unintended LED turn OFF | H50: Unintended LED OFF | I50: X | K50: 1 | L50: Y | M50: =F50*K50 -> 0.050863702 | N50: =IF(L50="N",100%,0%) -> 0 | O50: SM05 SM06 | Q50: 0.99 | R50: =IF(L50="N",0,M50*(1-N50)*(1-Q50)) -> 0.00050863702 | T50: =L50 -> Y | U50: =O50 -> SM05 SM06 | W50: 0.8 | X50: =IF(T50="N",0,(M50*(1-N50)-R50)*(1-W50)) -> 0.010071013 | Z50: NOTE 2
B51: FM_PSG_30 | C51: 30 | D51: LED9K | F51: =$E$15/$E$16 -> 0.050863702 | G51: Unintended LED turn OFF | H51: Unintended LED OFF | I51: X | K51: 1 | L51: Y | M51: =F51*K51 -> 0.050863702 | N51: =IF(L51="N",100%,0%) -> 0 | O51: SM05 SM06 | Q51: 0.99 | R51: =IF(L51="N",0,M51*(1-N51)*(1-Q51)) -> 0.00050863702 | T51: =L51 -> Y | U51: =O51 -> SM05 SM06 | W51: 0.8 | X51: =IF(T51="N",0,(M51*(1-N51)-R51)*(1-W51)) -> 0.010071013 | Z51: NOTE 2
B52: FM_PSG_31 | C52: 31 | D52: LED12 | F52: =$E$15/$E$16 -> 0.050863702 | G52: Unintended LED turn OFF | H52: Unintended LED OFF | I52: X | K52: 1 | L52: Y | M52: =F52*K52 -> 0.050863702 | N52: =IF(L52="N",100%,0%) -> 0 | O52: SM05 SM06 | Q52: 0.99 | R52: =IF(L52="N",0,M52*(1-N52)*(1-Q52)) -> 0.00050863702 | T52: =L52 -> Y | U52: =O52 -> SM05 SM06 | W52: 0.8 | X52: =IF(T52="N",0,(M52*(1-N52)-R52)*(1-W52)) -> 0.010071013 | Z52: NOTE 2
B53: FM_PSG_32 | C53: 32 | D53: LED6 | F53: =$E$15/$E$16 -> 0.050863702 | G53: Unintended LED turn OFF | H53: Unintended LED OFF | I53: X | K53: 1 | L53: Y | M53: =F53*K53 -> 0.050863702 | N53: =IF(L53="N",100%,0%) -> 0 | O53: SM05 SM06 | Q53: 0.99 | R53: =IF(L53="N",0,M53*(1-N53)*(1-Q53)) -> 0.00050863702 | T53: =L53 -> Y | U53: =O53 -> SM05 SM06 | W53: 0.8 | X53: =IF(T53="N",0,(M53*(1-N53)-R53)*(1-W53)) -> 0.010071013 | Z53: NOTE 2
B54: FM_PSG_33 | C54: 33 | D54: LED7 | F54: =$E$15/$E$16 -> 0.050863702 | G54: Unintended LED turn OFF | H54: Unintended LED OFF | I54: X | K54: 1 | L54: Y | M54: =F54*K54 -> 0.050863702 | N54: =IF(L54="N",100%,0%) -> 0 | O54: SM05 SM06 | Q54: 0.99 | R54: =IF(L54="N",0,M54*(1-N54)*(1-Q54)) -> 0.00050863702 | T54: =L54 -> Y | U54: =O54 -> SM05 SM06 | W54: 0.8 | X54: =IF(T54="N",0,(M54*(1-N54)-R54)*(1-W54)) -> 0.010071013 | Z54: NOTE 2
B55: FM_PSG_34 | C55: 34 | D55: LED9A | F55: =$E$15/$E$16 -> 0.050863702 | G55: Unintended LED turn OFF | H55: Unintended LED OFF | I55: X | K55: 1 | L55: Y | M55: =F55*K55 -> 0.050863702 | N55: =IF(L55="N",100%,0%) -> 0 | O55: SM05 SM06 | Q55: 0.99 | R55: =IF(L55="N",0,M55*(1-N55)*(1-Q55)) -> 0.00050863702 | T55: =L55 -> Y | U55: =O55 -> SM05 SM06 | W55: 0.8 | X55: =IF(T55="N",0,(M55*(1-N55)-R55)*(1-W55)) -> 0.010071013 | Z55: NOTE 2
B56: FM_PSG_35 | C56: 35 | D56: NC3 | F56: =$E$15/$E$16 -> 0.050863702 | G56: No effect, no connection pin | H56: No effect | I56: O | K56: 1 | L56: Y | M56: =F56*K56 -> 0.050863702 | N56: =IF(L56="N",100%,0%) -> 0 | T56: =L56 -> Y | U56: =O56
B57: FM_PSG_36 | C57: 36 | D57: NC4 | F57: =$E$15/$E$16 -> 0.050863702 | G57: No effect, no connection pin | H57: No effect | I57: O | K57: 1 | L57: Y | M57: =F57*K57 -> 0.050863702 | N57: =IF(L57="N",100%,0%) -> 0 | T57: =L57 -> Y | U57: =O57
B58: FM_PSG_37 | C58: 37 | D58: LED13K | F58: =$E$15/$E$16 -> 0.050863702 | G58: Unintended LED turn OFF | H58: Unintended LED OFF | I58: X | K58: 1 | L58: Y | M58: =F58*K58 -> 0.050863702 | N58: =IF(L58="N",100%,0%) -> 0 | O58: SM05 SM06 | Q58: 0.99 | R58: =IF(L58="N",0,M58*(1-N58)*(1-Q58)) -> 0.00050863702 | T58: =L58 -> Y | U58: =O58 -> SM05 SM06 | W58: 0.8 | X58: =IF(T58="N",0,(M58*(1-N58)-R58)*(1-W58)) -> 0.010071013 | Z58: NOTE 2
B59: FM_PSG_38 | C59: 38 | D59: ADDR3 | F59: =$E$15/$E$16 -> 0.050863702 | G59: UART Communication Error. Operate in FS. | H59: Fail-safe mode active | I59: X | K59: 1 | L59: Y | M59: =F59*K59 -> 0.050863702 | N59: =IF(L59="N",100%,0%) -> 0 | O59: SM09 SM10 SM13 | Q59: 0.99 | R59: =IF(L59="N",0,M59*(1-N59)*(1-Q59)) -> 0.00050863702 | T59: =L59 -> Y | U59: =O59 -> SM09 SM10 SM13 | W59: 1 | X59: =IF(T59="N",0,(M59*(1-N59)-R59)*(1-W59)) -> 0 | Z59: NOTE 1
B60: FM_PSG_39 | C60: 39 | D60: LED16 | F60: =$E$15/$E$16 -> 0.050863702 | G60: Unintended LED turn OFF | H60: Unintended LED OFF | I60: X | K60: 1 | L60: Y | M60: =F60*K60 -> 0.050863702 | N60: =IF(L60="N",100%,0%) -> 0 | O60: SM05 SM06 | Q60: 0.99 | R60: =IF(L60="N",0,M60*(1-N60)*(1-Q60)) -> 0.00050863702 | T60: =L60 -> Y | U60: =O60 -> SM05 SM06 | W60: 0.8 | X60: =IF(T60="N",0,(M60*(1-N60)-R60)*(1-W60)) -> 0.010071013 | Z60: NOTE 2
B61: FM_PSG_40 | C61: 40 | D61: LED13A | F61: =$E$15/$E$16 -> 0.050863702 | G61: Unintended LED turn OFF | H61: Unintended LED OFF | I61: X | K61: 1 | L61: Y | M61: =F61*K61 -> 0.050863702 | N61: =IF(L61="N",100%,0%) -> 0 | O61: SM05 SM06 | Q61: 0.99 | R61: =IF(L61="N",0,M61*(1-N61)*(1-Q61)) -> 0.00050863702 | T61: =L61 -> Y | U61: =O61 -> SM05 SM06 | W61: 0.8 | X61: =IF(T61="N",0,(M61*(1-N61)-R61)*(1-W61)) -> 0.010071013 | Z61: NOTE 2
B62: FM_PSG_41 | C62: 41 | D62: GND3 | F62: =$E$15/$E$16 -> 0.050863702 | G62: No effect, same pin | H62: No effect | I62: O | K62: 1 | L62: Y | M62: =F62*K62 -> 0.050863702 | N62: =IF(L62="N",100%,0%) -> 0 | T62: =L62 -> Y | U62: =O62
B63: FM_PSG_42 | C63: 42 | D63: CPN | F63: =$E$15/$E$16 -> 0.050863702 | G63: No operation. Charge-pump fails. | H63: Unintended LED ON | I63: X | K63: 1 | L63: Y | M63: =F63*K63 -> 0.050863702 | N63: =IF(L63="N",100%,0%) -> 0 | O63: SM14 SM22 | Q63: 0.9 | R63: =IF(L63="N",0,M63*(1-N63)*(1-Q63)) -> 0.0050863702 | T63: =L63 -> Y | U63: =O63 -> SM14 SM22 | W63: 1 | X63: =IF(T63="N",0,(M63*(1-N63)-R63)*(1-W63)) -> 0 | Z63: NOTE 3: SM22 activate safe-state due to charge-pump fault, 100% MPC.
B64: FM_PSG_43 | C64: 43 | D64: ADDR2 | F64: =$E$15/$E$16 -> 0.050863702 | G64: UART Communication Error. Operate in FS. | H64: Fail-safe mode active | I64: X | K64: 1 | L64: Y | M64: =F64*K64 -> 0.050863702 | N64: =IF(L64="N",100%,0%) -> 0 | O64: SM09 SM10 SM13 | Q64: 0.99 | R64: =IF(L64="N",0,M64*(1-N64)*(1-Q64)) -> 0.00050863702 | T64: =L64 -> Y | U64: =O64 -> SM09 SM10 SM13 | W64: 1 | X64: =IF(T64="N",0,(M64*(1-N64)-R64)*(1-W64)) -> 0 | Z64: NOTE 1
B65: FM_PSG_44 | C65: 44 | D65: LED14 | F65: =$E$15/$E$16 -> 0.050863702 | G65: Unintended LED turn OFF | H65: Unintended LED OFF | I65: X | K65: 1 | L65: Y | M65: =F65*K65 -> 0.050863702 | N65: =IF(L65="N",100%,0%) -> 0 | O65: SM05 SM06 | Q65: 0.99 | R65: =IF(L65="N",0,M65*(1-N65)*(1-Q65)) -> 0.00050863702 | T65: =L65 -> Y | U65: =O65 -> SM05 SM06 | W65: 0.8 | X65: =IF(T65="N",0,(M65*(1-N65)-R65)*(1-W65)) -> 0.010071013 | Z65: NOTE 2
B66: FM_PSG_45 | C66: 45 | D66: LED15 | F66: =$E$15/$E$16 -> 0.050863702 | G66: Unintended LED turn OFF | H66: Unintended LED OFF | I66: X | K66: 1 | L66: Y | M66: =F66*K66 -> 0.050863702 | N66: =IF(L66="N",100%,0%) -> 0 | O66: SM05 SM06 | Q66: 0.99 | R66: =IF(L66="N",0,M66*(1-N66)*(1-Q66)) -> 0.00050863702 | T66: =L66 -> Y | U66: =O66 -> SM05 SM06 | W66: 0.8 | X66: =IF(T66="N",0,(M66*(1-N66)-R66)*(1-W66)) -> 0.010071013 | Z66: NOTE 2
B67: FM_PSG_46 | C67: 46 | D67: NC6 | F67: =$E$15/$E$16 -> 0.050863702 | G67: No effect, no connection pin | H67: No effect | I67: O | K67: 1 | L67: N | M67: =F67*K67 -> 0.050863702 | N67: =IF(L67="N",100%,0%) -> 1 | T67: =L67 -> N | U67: =O67
B68: FM_PSG_47 | C68: 47 | D68: NC5 | F68: =$E$15/$E$16 -> 0.050863702 | G68: No effect, no connection pin | H68: No effect | I68: O | K68: 1 | L68: N | M68: =F68*K68 -> 0.050863702 | N68: =IF(L68="N",100%,0%) -> 1 | T68: =L68 -> N | U68: =O68
B69: FM_PSG_48 | C69: 48 | D69: CPP | F69: =$E$15/$E$16 -> 0.050863702 | G69: No operation. Charge-pump fails. | H69: Unintended LED ON | I69: X | K69: 1 | L69: Y | M69: =F69*K69 -> 0.050863702 | N69: =IF(L69="N",100%,0%) -> 0 | O69: SM14 SM22 | Q69: 0.9 | R69: =IF(L69="N",0,M69*(1-N69)*(1-Q69)) -> 0.0050863702 | T69: =L69 -> Y | U69: =O69 -> SM14 SM22 | W69: 1 | X69: =IF(T69="N",0,(M69*(1-N69)-R69)*(1-W69)) -> 0 | Z69: NOTE 3
F70: =SUM(F22:F69) -> 2.4414577 | M70: =SUM(M22:M69) -> 2.4414577 | R70: =SUM(R22:R69) -> 0.066122813

Sheet Bonding(OPEN) 
V4: Document ID | X4: =Cover!$F$18 -> ELM-803-FS-0001
V5: Author | X5: =Cover!$F$19 -> Safety Manager | AA5: =Cover!$G$19 -> I. Kök
V6: Version | X6: =Cover!$F$20 -> B2
V7: Status | X7: =Cover!$F$21 -> approved after review
A9: FMEDA
A11: =Cover!A9 -> ID803 - Vega
C12: Safety Goal 이 명확한 블록 기반 분석
H15: λ | I15: =SUM(N23:N70) -> 65.919358
C16: Package Failure rate [FIT] | F16: ='Core Block FIT rate'!G23 -> 65.919358 | H16: λSPF+λRF | I16: =SUM(S23:S70) -> 1.7990492
C17: Bonding | F17: 48 | H17: λLF | I17: =SUM(Y23:Y70) -> 7.086331
L19: Permanent Failures
C20: Golden Master | L20: Single Point Failures | U20: Latent Failures
B21: 고장 모드 번호 PKO(PacKage Open) | C21: PIN# | D21: 단자명 | F21: 보호 소자 쇼트처 | G21: 각 단자 고장율(FIT) | H21: IC단품으로서의 영향 (안전 기구가 없는 경우) | I21: ECU(시스템)에의 영향 (안전 기구가 없는 경우) | J21: IC단품영향에 대처와 판단 | L21: 비율 (90% 고정) | M21: 안전과 관계되는가? | N21: 항목 고장율(FIT) | O21: 안전 고장의 비율 | P21: 안전 기구 (IC) | Q21: 안전 기구 (System) | R21: 검출율(SPF) | S21: 잔존 고장의 고장율(FIT) | U21: Latent Failure는 안전과 관계되는가? | V21: 안전 기구 (IC) | W21: 안전 기구 (System) | X21: 검출율 | Y21: Latent Failure의 고장율(FIT) | AA21: Comment
B22: Failure Mode Number | C22: Pin Number | D22: Pin Name | E22: Bondig | F22: Power source connected through ESD protection | G22: Failure rate [FIT] | H22: effects on the IC output | I22: effects on the system | J22: memo X - Violation of SG O - No violation | L22: Failure distribution | M22: Single Point Failure mode can violate the safety goal in the absense of safety mechanism | N22: Failure rate (FIT) | O22: Percentage of Safe Faults | P22: Safety mechanism(s) (IC) allowing to prevent the violation of the safety goal | Q22: Safety mechanism(s) (System) allowing to prevent the violation of the safety goal | R22: Failure mode coverage wrt. violation of safety goal | S22: Residual or Single Point Fault failure rate / FIT | U22: Latent Failure mode can violate the safety goal in the absense of safety mecahnism | V22: Safety mechanism(s) (IC) to prevent latent faults | W22: Safety mechanism(s) (System) to prevent latent faults | X22: Failure mode coverage wrt. Latent failures | Y22: Latent Multiple Point Fault failure rate / FIT
B23: FM_PKO_1 | C23: 1 | D23: LED4 | G23: =$F$16/$F$17 -> 1.37332 | H23: Unintended LED turn ON | I23: Unintended LED ON | J23: X | L23: 1 | M23: Y | N23: =G23*L23 -> 1.37332 | O23: =IF(M23="N",100%,0%) -> 0 | P23: SM04 SM24 | R23: 0.99 | S23: =IF(M23="N",0,N23*(1-O23)*(1-R23)) -> 0.0137332 | U23: =M23 -> Y | V23: =P23 -> SM04 SM24 | X23: 0.8 | Y23: =IF(U23="N",0,(N23*(1-O23)-S23)*(1-X23)) -> 0.27191735
B24: FM_PKO_2 | C24: 2 | D24: LED3 | G24: =$F$16/$F$17 -> 1.37332 | H24: Unintended LED turn ON | I24: Unintended LED ON | J24: X | L24: 1 | M24: Y | N24: =G24*L24 -> 1.37332 | O24: =IF(M24="N",100%,0%) -> 0 | P24: SM04 SM24 | R24: 0.99 | S24: =IF(M24="N",0,N24*(1-O24)*(1-R24)) -> 0.0137332 | U24: =M24 -> Y | V24: =P24 -> SM04 SM24 | X24: 0.8 | Y24: =IF(U24="N",0,(N24*(1-O24)-S24)*(1-X24)) -> 0.27191735
B25: FM_PKO_3 | C25: 3 | D25: LED2 | G25: =$F$16/$F$17 -> 1.37332 | H25: Unintended LED turn ON | I25: Unintended LED ON | J25: X | L25: 1 | M25: Y | N25: =G25*L25 -> 1.37332 | O25: =IF(M25="N",100%,0%) -> 0 | P25: SM04 SM24 | R25: 0.99 | S25: =IF(M25="N",0,N25*(1-O25)*(1-R25)) -> 0.0137332 | U25: =M25 -> Y | V25: =P25 -> SM04 SM24 | X25: 0.8 | Y25: =IF(U25="N",0,(N25*(1-O25)-S25)*(1-X25)) -> 0.27191735
B26: FM_PKO_4 | C26: 4 | D26: LED1A | G26: =$F$16/$F$17 -> 1.37332 | H26: Unintended LED turn ON | I26: Unintended LED ON | J26: X | L26: 1 | M26: Y | N26: =G26*L26 -> 1.37332 | O26: =IF(M26="N",100%,0%) -> 0 | P26: SM04 SM24 | R26: 0.99 | S26: =IF(M26="N",0,N26*(1-O26)*(1-R26)) -> 0.0137332 | U26: =M26 -> Y | V26: =P26 -> SM04 SM24 | X26: 0.8 | Y26: =IF(U26="N",0,(N26*(1-O26)-S26)*(1-X26)) -> 0.27191735
B27: FM_PKO_5 | C27: 5 | D27: LED1K | G27: =$F$16/$F$17 -> 1.37332 | H27: Unintended LED turn ON | I27: Unintended LED ON | J27: X | L27: 1 | M27: Y | N27: =G27*L27 -> 1.37332 | O27: =IF(M27="N",100%,0%) -> 0 | P27: SM04 SM24 | R27: 0.99 | S27: =IF(M27="N",0,N27*(1-O27)*(1-R27)) -> 0.0137332 | U27: =M27 -> Y | V27: =P27 -> SM04 SM24 | X27: 0.8 | Y27: =IF(U27="N",0,(N27*(1-O27)-S27)*(1-X27)) -> 0.27191735
B28: FM_PKO_6 | C28: 6 | D28: CS | G28: =$F$16/$F$17 -> 1.37332 | H28: Current Sense Reading Error | I28: No effect | J28: O | L28: 1 | M28: N | N28: =G28*L28 -> 1.37332 | O28: =IF(M28="N",100%,0%) -> 1 | U28: =M28 -> N | V28: =P28
B29: FM_PKO_7 | C29: 7 | D29: GND | G29: =$F$16/$F$17 -> 1.37332 | H29: No effect, more than one GND pins | I29: No effect | J29: O | L29: 1 | M29: N | N29: =G29*L29 -> 1.37332 | O29: =IF(M29="N",100%,0%) -> 1 | U29: =M29 -> N | V29: =P29
B30: FM_PKO_8 | C30: 8 | D30: FS | G30: =$F$16/$F$17 -> 1.37332 | H30: Switches always OFF in FS mode due to internal pull-down | I30: LEDs always OFF in FS mode | J30: O | L30: 1 | M30: N | N30: =G30*L30 -> 1.37332 | O30: =IF(M30="N",100%,0%) -> 1 | U30: =M30 -> N | V30: =P30
B31: FM_PKO_9 | C31: 9 | D31: ADC1 | G31: =$F$16/$F$17 -> 1.37332 | H31: Cannot use ADC1 to external reading | I31: No effect | J31: O | L31: 1 | M31: N | N31: =G31*L31 -> 1.37332 | O31: =IF(M31="N",100%,0%) -> 1 | U31: =M31 -> N | V31: =P31
B32: FM_PKO_10 | C32: 10 | D32: VDDO | G32: =$F$16/$F$17 -> 1.37332 | H32: UART Communication Error. Operate in FS. | I32: Fail-safe mode active | J32: X | L32: 1 | M32: Y | N32: =G32*L32 -> 1.37332 | O32: =IF(M32="N",100%,0%) -> 0 | P32: SM09 SM13 | R32: 0.99 | S32: =IF(M32="N",0,N32*(1-O32)*(1-R32)) -> 0.0137332 | U32: =M32 -> Y | V32: =P32 -> SM09 SM13 | X32: 1 | Y32: =IF(U32="N",0,(N32*(1-O32)-S32)*(1-X32)) -> 0 | AA32: NOTE 1
B33: FM_PKO_11 | C33: 11 | D33: ADC2 | G33: =$F$16/$F$17 -> 1.37332 | H33: Cannot use ADC2 to external reading | I33: No effect | J33: O | L33: 1 | M33: N | N33: =G33*L33 -> 1.37332 | O33: =IF(M33="N",100%,0%) -> 1 | U33: =M33 -> N | V33: =P33
B34: FM_PKO_12 | C34: 12 | D34: ADDR0 | G34: =$F$16/$F$17 -> 1.37332 | H34: UART Communication Error. Operate in FS. | I34: Fail-safe mode active | J34: X | L34: 1 | M34: Y | N34: =G34*L34 -> 1.37332 | O34: =IF(M34="N",100%,0%) -> 0 | P34: SM09 SM10 SM13 | R34: 0.99 | S34: =IF(M34="N",0,N34*(1-O34)*(1-R34)) -> 0.0137332 | U34: =M34 -> Y | V34: =P34 -> SM09 SM10 SM13 | X34: 1 | Y34: =IF(U34="N",0,(N34*(1-O34)-S34)*(1-X34)) -> 0 | AA34: NOTE 1
B35: FM_PKO_13 | C35: 13 | D35: VDD | G35: =$F$16/$F$17 -> 1.37332 | H35: Device power-off | I35: Unintended LED ON | J35: X | L35: 1 | M35: Y | N35: =G35*L35 -> 1.37332 | O35: =IF(M35="N",100%,0%) -> 0 | P35: SM01 SM15 SM16 SM22 | R35: 0.99 | S35: =IF(M35="N",0,N35*(1-O35)*(1-R35)) -> 0.0137332 | U35: =M35 -> Y | V35: =P35 -> SM01 SM15 SM16 SM22 | X35: 1 | Y35: =IF(U35="N",0,(N35*(1-O35)-S35)*(1-X35)) -> 0 | AA35: NOTE 2: SM22 activate safe-state due to VDD fault, 100% MPC.
B36: FM_PKO_14 | C36: 14 | D36: SYNC | G36: =$F$16/$F$17 -> 1.37332 | H36: Unintended LED turn ON/OFF | I36: Unintended LED turn ON/OFF | J36: X | L36: 1 | M36: Y | N36: =G36*L36 -> 1.37332 | O36: =IF(M36="N",100%,0%) -> 0 | P36: SM21 | R36: 0.6 | S36: =IF(M36="N",0,N36*(1-O36)*(1-R36)) -> 0.54932799 | U36: =M36 -> Y | X36: 0 | Y36: =IF(U36="N",0,(N36*(1-O36)-S36)*(1-X36)) -> 0.82399198
B37: FM_PKO_15 | C37: 15 | D37: RX | G37: =$F$16/$F$17 -> 1.37332 | H37: UART Communication Error. Operate in FS. | I37: Fail-safe mode active | J37: X | L37: 1 | M37: Y | N37: =G37*L37 -> 1.37332 | O37: =IF(M37="N",100%,0%) -> 0 | P37: SM09 SM10 SM13 | R37: 0.99 | S37: =IF(M37="N",0,N37*(1-O37)*(1-R37)) -> 0.0137332 | U37: =M37 -> Y | V37: =P37 -> SM09 SM10 SM13 | X37: 1 | Y37: =IF(U37="N",0,(N37*(1-O37)-S37)*(1-X37)) -> 0 | AA37: NOTE 1
B38: FM_PKO_16 | C38: 16 | D38: NC2 | G38: =$F$16/$F$17 -> 1.37332 | H38: No effect, no connection pin | I38: No effect | J38: O | L38: 1 | M38: N | N38: =G38*L38 -> 1.37332 | O38: =IF(M38="N",100%,0%) -> 1 | U38: =M38 -> N | V38: =P38
B39: FM_PKO_17 | C39: 17 | D39: ADDR1 | G39: =$F$16/$F$17 -> 1.37332 | H39: UART Communication Error. Operate in FS. | I39: Fail-safe mode active | J39: X | L39: 1 | M39: Y | N39: =G39*L39 -> 1.37332 | O39: =IF(M39="N",100%,0%) -> 0 | P39: SM09 SM10 SM13 | R39: 0.99 | S39: =IF(M39="N",0,N39*(1-O39)*(1-R39)) -> 0.0137332 | U39: =M39 -> Y | V39: =P39 -> SM09 SM10 SM13 | X39: 1 | Y39: =IF(U39="N",0,(N39*(1-O39)-S39)*(1-X39)) -> 0 | AA39: NOTE 1: Since SM10 is a self-test for SM9, multi-point coverage is 100%.
B40: FM_PKO_18 | C40: 18 | D40: RX | G40: =$F$16/$F$17 -> 1.37332 | H40: UART Communication Error. Operate in FS. | I40: Fail-safe mode active | J40: X | L40: 1 | M40: Y | N40: =G40*L40 -> 1.37332 | O40: =IF(M40="N",100%,0%) -> 0 | P40: SM09 SM10 SM13 | R40: 0.99 | S40: =IF(M40="N",0,N40*(1-O40)*(1-R40)) -> 0.0137332 | U40: =M40 -> Y | V40: =P40 -> SM09 SM10 SM13 | X40: 1 | Y40: =IF(U40="N",0,(N40*(1-O40)-S40)*(1-X40)) -> 0
B41: FM_PKO_19 | C41: 19 | D41: CLK_SEL | G41: =$F$16/$F$17 -> 1.37332 | H41: UART Communication Error. Operate in FS. | I41: Fail-safe mode active | J41: X | L41: 1 | M41: Y | N41: =G41*L41 -> 1.37332 | O41: =IF(M41="N",100%,0%) -> 0 | P41: SM09 SM10 SM13 | R41: 0.99 | S41: =IF(M41="N",0,N41*(1-O41)*(1-R41)) -> 0.0137332 | U41: =M41 -> Y | V41: =P41 -> SM09 SM10 SM13 | X41: 1 | Y41: =IF(U41="N",0,(N41*(1-O41)-S41)*(1-X41)) -> 0
B42: FM_PKO_20 | C42: 20 | D42: TX | G42: =$F$16/$F$17 -> 1.37332 | H42: UART Communication Error. Operate in FS. | I42: Fail-safe mode active | J42: X | L42: 1 | M42: Y | N42: =G42*L42 -> 1.37332 | O42: =IF(M42="N",100%,0%) -> 0 | P42: SM09 SM10 SM13 | R42: 0.99 | S42: =IF(M42="N",0,N42*(1-O42)*(1-R42)) -> 0.0137332 | U42: =M42 -> Y | V42: =P42 -> SM09 SM10 SM13 | X42: 1 | Y42: =IF(U42="N",0,(N42*(1-O42)-S42)*(1-X42)) -> 0
B43: FM_PKO_21 | C43: 21 | D43: NC1 | G43: =$F$16/$F$17 -> 1.37332 | H43: No effect, no connection pin | I43: No effect | J43: O | L43: 1 | M43: N | N43: =G43*L43 -> 1.37332 | O43: =IF(M43="N",100%,0%) -> 1 | U43: =M43 -> N | V43: =P43
B44: FM_PKO_22 | C44: 22 | D44: SYNC | G44: =$F$16/$F$17 -> 1.37332 | H44: Unintended LED turn ON/OFF | I44: Unintended LED turn ON/OFF | J44: X | L44: 1 | M44: Y | N44: =G44*L44 -> 1.37332 | O44: =IF(M44="N",100%,0%) -> 0 | P44: SM21 | R44: 0.6 | S44: =IF(M44="N",0,N44*(1-O44)*(1-R44)) -> 0.54932799 | U44: =M44 -> Y | X44: 0 | Y44: =IF(U44="N",0,(N44*(1-O44)-S44)*(1-X44)) -> 0.82399198
B45: FM_PKO_23 | C45: 23 | D45: GND2 | G45: =$F$16/$F$17 -> 1.37332 | H45: No effect, more than one GND pins | I45: No effect | J45: O | L45: 1 | M45: N | N45: =G45*L45 -> 1.37332 | O45: =IF(M45="N",100%,0%) -> 1 | U45: =M45 -> N | V45: =P45
B46: FM_PKO_24 | C46: 24 | D46: TX | G46: =$F$16/$F$17 -> 1.37332 | H46: UART Communication Error. Operate in FS. | I46: Fail-safe mode active | J46: X | L46: 1 | M46: Y | N46: =G46*L46 -> 1.37332 | O46: =IF(M46="N",100%,0%) -> 0 | P46: SM09 SM10 SM13 | R46: 0.99 | S46: =IF(M46="N",0,N46*(1-O46)*(1-R46)) -> 0.0137332 | U46: =M46 -> Y | V46: =P46 -> SM09 SM10 SM13 | X46: 1 | Y46: =IF(U46="N",0,(N46*(1-O46)-S46)*(1-X46)) -> 0 | AA46: NOTE 1
B47: FM_PKO_25 | C47: 25 | D47: LED5K | G47: =$F$16/$F$17 -> 1.37332 | H47: Unintended LED turn ON | I47: Unintended LED ON | J47: X | L47: 1 | M47: Y | N47: =G47*L47 -> 1.37332 | O47: =IF(M47="N",100%,0%) -> 0 | P47: SM04 SM24 | R47: 0.99 | S47: =IF(M47="N",0,N47*(1-O47)*(1-R47)) -> 0.0137332 | U47: =M47 -> Y | V47: =P47 -> SM04 SM24 | X47: 0.8 | Y47: =IF(U47="N",0,(N47*(1-O47)-S47)*(1-X47)) -> 0.27191735
B48: FM_PKO_26 | C48: 26 | D48: LED11 | G48: =$F$16/$F$17 -> 1.37332 | H48: Unintended LED turn ON | I48: Unintended LED ON | J48: X | L48: 1 | M48: Y | N48: =G48*L48 -> 1.37332 | O48: =IF(M48="N",100%,0%) -> 0 | P48: SM04 SM24 | R48: 0.99 | S48: =IF(M48="N",0,N48*(1-O48)*(1-R48)) -> 0.0137332 | U48: =M48 -> Y | V48: =P48 -> SM04 SM24 | X48: 0.8 | Y48: =IF(U48="N",0,(N48*(1-O48)-S48)*(1-X48)) -> 0.27191735
B49: FM_PKO_27 | C49: 27 | D49: LED8 | G49: =$F$16/$F$17 -> 1.37332 | H49: Unintended LED turn ON | I49: Unintended LED ON | J49: X | L49: 1 | M49: Y | N49: =G49*L49 -> 1.37332 | O49: =IF(M49="N",100%,0%) -> 0 | P49: SM04 SM24 | R49: 0.99 | S49: =IF(M49="N",0,N49*(1-O49)*(1-R49)) -> 0.0137332 | U49: =M49 -> Y | V49: =P49 -> SM04 SM24 | X49: 0.8 | Y49: =IF(U49="N",0,(N49*(1-O49)-S49)*(1-X49)) -> 0.27191735
B50: FM_PKO_28 | C50: 28 | D50: LED5A | G50: =$F$16/$F$17 -> 1.37332 | H50: Unintended LED turn ON | I50: Unintended LED ON | J50: X | L50: 1 | M50: Y | N50: =G50*L50 -> 1.37332 | O50: =IF(M50="N",100%,0%) -> 0 | P50: SM04 SM24 | R50: 0.99 | S50: =IF(M50="N",0,N50*(1-O50)*(1-R50)) -> 0.0137332 | U50: =M50 -> Y | V50: =P50 -> SM04 SM24 | X50: 0.8 | Y50: =IF(U50="N",0,(N50*(1-O50)-S50)*(1-X50)) -> 0.27191735
B51: FM_PKO_29 | C51: 29 | D51: LED10 | G51: =$F$16/$F$17 -> 1.37332 | H51: Unintended LED turn ON | I51: Unintended LED ON | J51: X | L51: 1 | M51: Y | N51: =G51*L51 -> 1.37332 | O51: =IF(M51="N",100%,0%) -> 0 | P51: SM04 SM24 | R51: 0.99 | S51: =IF(M51="N",0,N51*(1-O51)*(1-R51)) -> 0.0137332 | U51: =M51 -> Y | V51: =P51 -> SM04 SM24 | X51: 0.8 | Y51: =IF(U51="N",0,(N51*(1-O51)-S51)*(1-X51)) -> 0.27191735
B52: FM_PKO_30 | C52: 30 | D52: LED9K | G52: =$F$16/$F$17 -> 1.37332 | H52: Unintended LED turn ON | I52: Unintended LED ON | J52: X | L52: 1 | M52: Y | N52: =G52*L52 -> 1.37332 | O52: =IF(M52="N",100%,0%) -> 0 | P52: SM04 SM24 | R52: 0.99 | S52: =IF(M52="N",0,N52*(1-O52)*(1-R52)) -> 0.0137332 | U52: =M52 -> Y | V52: =P52 -> SM04 SM24 | X52: 0.8 | Y52: =IF(U52="N",0,(N52*(1-O52)-S52)*(1-X52)) -> 0.27191735
B53: FM_PKO_31 | C53: 31 | D53: LED12 | G53: =$F$16/$F$17 -> 1.37332 | H53: Unintended LED turn ON | I53: Unintended LED ON | J53: X | L53: 1 | M53: Y | N53: =G53*L53 -> 1.37332 | O53: =IF(M53="N",100%,0%) -> 0 | P53: SM04 SM24 | R53: 0.99 | S53: =IF(M53="N",0,N53*(1-O53)*(1-R53)) -> 0.0137332 | U53: =M53 -> Y | V53: =P53 -> SM04 SM24 | X53: 0.8 | Y53: =IF(U53="N",0,(N53*(1-O53)-S53)*(1-X53)) -> 0.27191735
B54: FM_PKO_32 | C54: 32 | D54: LED6 | G54: =$F$16/$F$17 -> 1.37332 | H54: Unintended LED turn ON | I54: Unintended LED ON | J54: X | L54: 1 | M54: Y | N54: =G54*L54 -> 1.37332 | O54: =IF(M54="N",100%,0%) -> 0 | P54: SM04 SM24 | R54: 0.99 | S54: =IF(M54="N",0,N54*(1-O54)*(1-R54)) -> 0.0137332 | U54: =M54 -> Y | V54: =P54 -> SM04 SM24 | X54: 0.8 | Y54: =IF(U54="N",0,(N54*(1-O54)-S54)*(1-X54)) -> 0.27191735
B55: FM_PKO_33 | C55: 33 | D55: LED7 | G55: =$F$16/$F$17 -> 1.37332 | H55: Unintended LED turn ON | I55: Unintended LED ON | J55: X | L55: 1 | M55: Y | N55: =G55*L55 -> 1.37332 | O55: =IF(M55="N",100%,0%) -> 0 | P55: SM04 SM24 | R55: 0.99 | S55: =IF(M55="N",0,N55*(1-O55)*(1-R55)) -> 0.0137332 | U55: =M55 -> Y | V55: =P55 -> SM04 SM24 | X55: 0.8 | Y55: =IF(U55="N",0,(N55*(1-O55)-S55)*(1-X55)) -> 0.27191735
B56: FM_PKO_34 | C56: 34 | D56: LED9A | G56: =$F$16/$F$17 -> 1.37332 | H56: Unintended LED turn ON | I56: Unintended LED ON | J56: X | L56: 1 | M56: Y | N56: =G56*L56 -> 1.37332 | O56: =IF(M56="N",100%,0%) -> 0 | P56: SM04 SM24 | R56: 0.99 | S56: =IF(M56="N",0,N56*(1-O56)*(1-R56)) -> 0.0137332 | U56: =M56 -> Y | V56: =P56 -> SM04 SM24 | X56: 0.8 | Y56: =IF(U56="N",0,(N56*(1-O56)-S56)*(1-X56)) -> 0.27191735
B57: FM_PKO_35 | C57: 35 | D57: NC3 | G57: =$F$16/$F$17 -> 1.37332 | H57: No effect, no connection pin | I57: No effect | J57: O | L57: 1 | M57: N | N57: =G57*L57 -> 1.37332 | O57: =IF(M57="N",100%,0%) -> 1 | U57: =M57 -> N | V57: =P57
B58: FM_PKO_36 | C58: 36 | D58: NC4 | G58: =$F$16/$F$17 -> 1.37332 | H58: No effect, no connection pin | I58: No effect | J58: O | L58: 1 | M58: N | N58: =G58*L58 -> 1.37332 | O58: =IF(M58="N",100%,0%) -> 1 | U58: =M58 -> N | V58: =P58
B59: FM_PKO_37 | C59: 37 | D59: LED13K | G59: =$F$16/$F$17 -> 1.37332 | H59: Unintended LED turn ON | I59: Unintended LED ON | J59: X | L59: 1 | M59: Y | N59: =G59*L59 -> 1.37332 | O59: =IF(M59="N",100%,0%) -> 0 | P59: SM04 | R59: 0.99 | S59: =IF(M59="N",0,N59*(1-O59)*(1-R59)) -> 0.0137332 | U59: =M59 -> Y | V59: =P59 -> SM04 | X59: 0.8 | Y59: =IF(U59="N",0,(N59*(1-O59)-S59)*(1-X59)) -> 0.27191735
B60: FM_PKO_38 | C60: 38 | D60: ADDR3 | G60: =$F$16/$F$17 -> 1.37332 | H60: UART Communication Error. Operate in FS. | I60: Fail-safe mode active | J60: X | L60: 1 | M60: Y | N60: =G60*L60 -> 1.37332 | O60: =IF(M60="N",100%,0%) -> 0 | P60: SM09 SM10 SM13 | R60: 0.99 | S60: =IF(M60="N",0,N60*(1-O60)*(1-R60)) -> 0.0137332 | U60: =M60 -> Y | V60: =P60 -> SM09 SM10 SM13 | X60: 1 | Y60: =IF(U60="N",0,(N60*(1-O60)-S60)*(1-X60)) -> 0 | AA60: NOTE 1
B61: FM_PKO_39 | C61: 39 | D61: LED16 | G61: =$F$16/$F$17 -> 1.37332 | H61: Unintended LED turn ON | I61: Unintended LED ON | J61: X | L61: 1 | M61: Y | N61: =G61*L61 -> 1.37332 | O61: =IF(M61="N",100%,0%) -> 0 | P61: SM04 SM24 | R61: 0.99 | S61: =IF(M61="N",0,N61*(1-O61)*(1-R61)) -> 0.0137332 | U61: =M61 -> Y | V61: =P61 -> SM04 SM24 | X61: 0.8 | Y61: =IF(U61="N",0,(N61*(1-O61)-S61)*(1-X61)) -> 0.27191735
B62: FM_PKO_40 | C62: 40 | D62: LED13A | G62: =$F$16/$F$17 -> 1.37332 | H62: Unintended LED turn ON | I62: Unintended LED ON | J62: X | L62: 1 | M62: Y | N62: =G62*L62 -> 1.37332 | O62: =IF(M62="N",100%,0%) -> 0 | P62: SM04 SM24 | R62: 0.99 | S62: =IF(M62="N",0,N62*(1-O62)*(1-R62)) -> 0.0137332 | U62: =M62 -> Y | V62: =P62 -> SM04 SM24 | X62: 0.8 | Y62: =IF(U62="N",0,(N62*(1-O62)-S62)*(1-X62)) -> 0.27191735
B63: FM_PKO_41 | C63: 41 | D63: GND3 | G63: =$F$16/$F$17 -> 1.37332 | H63: No effect, more than one GND pins | I63: No effect | J63: O | L63: 1 | M63: N | N63: =G63*L63 -> 1.37332 | O63: =IF(M63="N",100%,0%) -> 1 | U63: =M63 -> N | V63: =P63
B64: FM_PKO_42 | C64: 42 | D64: CPN | G64: =$F$16/$F$17 -> 1.37332 | H64: Unintended LED turn ON. Charge-pump fails. | I64: Unintended LED ON | J64: X | L64: 1 | M64: Y | N64: =G64*L64 -> 1.37332 | O64: =IF(M64="N",100%,0%) -> 0 | P64: SM14 SM22 | R64: 0.9 | S64: =IF(M64="N",0,N64*(1-O64)*(1-R64)) -> 0.137332 | U64: =M64 -> Y | V64: =P64 -> SM14 SM22 | X64: 1 | Y64: =IF(U64="N",0,(N64*(1-O64)-S64)*(1-X64)) -> 0 | AA64: NOTE 3: SM22 activate safe-state due to charge-pump fault, 100% MPC.
B65: FM_PKO_43 | C65: 43 | D65: ADDR2 | G65: =$F$16/$F$17 -> 1.37332 | H65: UART Communication Error. Operate in FS. | I65: Fail-safe mode active | J65: X | L65: 1 | M65: Y | N65: =G65*L65 -> 1.37332 | O65: =IF(M65="N",100%,0%) -> 0 | P65: SM09 SM10 SM13 | R65: 0.99 | S65: =IF(M65="N",0,N65*(1-O65)*(1-R65)) -> 0.0137332 | U65: =M65 -> Y | V65: =P65 -> SM09 SM10 SM13 | X65: 1 | Y65: =IF(U65="N",0,(N65*(1-O65)-S65)*(1-X65)) -> 0 | AA65: NOTE 1
B66: FM_PKO_44 | C66: 44 | D66: LED14 | G66: =$F$16/$F$17 -> 1.37332 | H66: Unintended LED turn ON | I66: Unintended LED ON | J66: X | L66: 1 | M66: Y | N66: =G66*L66 -> 1.37332 | O66: =IF(M66="N",100%,0%) -> 0 | P66: SM04 SM24 | R66: 0.99 | S66: =IF(M66="N",0,N66*(1-O66)*(1-R66)) -> 0.0137332 | U66: =M66 -> Y | V66: =P66 -> SM04 SM24 | X66: 0.8 | Y66: =IF(U66="N",0,(N66*(1-O66)-S66)*(1-X66)) -> 0.27191735
B67: FM_PKO_45 | C67: 45 | D67: LED15 | G67: =$F$16/$F$17 -> 1.37332 | H67: Unintended LED turn ON | I67: Unintended LED ON | J67: X | L67: 1 | M67: Y | N67: =G67*L67 -> 1.37332 | O67: =IF(M67="N",100%,0%) -> 0 | P67: SM04 SM24 | R67: 0.99 | S67: =IF(M67="N",0,N67*(1-O67)*(1-R67)) -> 0.0137332 | U67: =M67 -> Y | V67: =P67 -> SM04 SM24 | X67: 0.8 | Y67: =IF(U67="N",0,(N67*(1-O67)-S67)*(1-X67)) -> 0.27191735
B68: FM_PKO_46 | C68: 46 | D68: NC6 | G68: =$F$16/$F$17 -> 1.37332 | H68: No effect, no connection pin | I68: No effect | J68: O | L68: 1 | M68: N | N68: =G68*L68 -> 1.37332 | O68: =IF(M68="N",100%,0%) -> 1 | U68: =M68 -> N | V68: =P68
B69: FM_PKO_47 | C69: 47 | D69: NC5 | G69: =$F$16/$F$17 -> 1.37332 | H69: No effect, no connection pin | I69: No effect | J69: O | L69: 1 | M69: N | N69: =G69*L69 -> 1.37332 | O69: =IF(M69="N",100%,0%) -> 1 | U69: =M69 -> N | V69: =P69
B70: FM_PKO_48 | C70: 48 | D70: CPP | G70: =$F$16/$F$17 -> 1.37332 | H70: Unintended LED turn ON. Charge-pump fails. | I70: Unintended LED ON | J70: X | L70: 1 | M70: Y | N70: =G70*L70 -> 1.37332 | O70: =IF(M70="N",100%,0%) -> 0 | P70: SM14 SM22 | R70: 0.9 | S70: =IF(M70="N",0,N70*(1-O70)*(1-R70)) -> 0.137332 | U70: =M70 -> Y | V70: =P70 -> SM14 SM22 | X70: 1 | Y70: =IF(U70="N",0,(N70*(1-O70)-S70)*(1-X70)) -> 0 | AA70: NOTE 3
G71: =SUM(G23:G70) -> 65.919358 | N71: =SUM(N23:N70) -> 65.919358 | S71: =SUM(S22:S70) -> 1.7990492 | Y71: =SUM(Y22:Y70) -> 7.086331

Sheet PIN(Near short)
V4: Document ID | X4: =Cover!$F$18 -> ELM-803-FS-0001
V5: Author | X5: =Cover!$F$19 -> Safety Manager | AA5: =Cover!$G$19 -> I. Kök
V6: Version | X6: =Cover!$F$20 -> B2
V7: Status | X7: =Cover!$F$21 -> approved after review
A9: FMEDA
A11: =Cover!A9 -> ID803 - Vega
C12: Safety Goal 이 명확한 블록 기반 분석
H15: λ | I15: =SUM(N23:N70) -> 2.4414577
B16: Package Failure rate (FIT) | E16: ='Core Block FIT rate'!G22/3 -> 2.4414577 | H16: λSPF+λRF | I16: =SUM(S23:S70) -> 0.015259111
B17: Number of Failure mode | E17: 48 | H17: λLF | I17: =SUM(Y23:Y70) -> 0.18127824
L19: Permanent Failures
C20: 단자A | E20: 단자B | L20: Single Point Failures | U20: Latent Failures
B21: 고장 모드 번호 APS(Adjacent Pin Short) | C21: PIN# | D21: 단자명 | E21: PIN# | F21: 단자명 | G21: 각 단자 고장율(FIT) | H21: IC단품으로서의 영향 (안전 기구가 없는 경우) | I21: ECU(시스템)에의 영향 (안전 기구가 없는 경우) | J21: IC단품영향에 대처와 판단 | L21: 비율 (10% 고정) | M21: 안전과 관계되는가? | N21: 항목 고장율(FIT) | O21: 안전 고장의 비율 | P21: 안전 기구 | Q21: 안전 기구 (System) | R21: 검출율(SPF) | S21: 잔존 고장의 고장율(FIT) | U21: Latent Failure는 안전과 관계되는가? | V21: 안전 기구 (IC) | W21: 안전 기구 (System) | X21: 검출율 | Y21: Latent Failure의 고장율(FIT) | AA21: Comment
B22: Failure Mode Number | C22: Pin Number | D22: Pin Name | E22: Pin Number | F22: Pin Name | G22: Failure rate [FIT] | H22: effects on the IC output | I22: effects on the system | J22: memo X - Violation of SG O - No violation | L22: Failure distribution | M22: Single Point Failure mode can violate the safety goal in the absense of safety mecahnism | N22: Failure rate (FIT) | O22: Percentage of Safe Faults | P22: Safety mechanism(s) allowing to prevent the violation of the safety goal | Q22: Safety mechanism(s) (System) allowing to prevent the violation of the safety goal | R22: Failure mode coverage wrt. violation of safety goal | S22: Residual or Single Point Fault failure rate / FIT | U22: Latent Failure mode can violate the safety goal in the absense of safety mecahnism | V22: Safety mechanism(s) (IC) to prevent latent faults | W22: Safety mechanism(s) (System) to prevent latent faults | X22: Failure mode coverage wrt. Latent failures | Y22: Latent Multiple Point Fault failure rate / FIT
B23: FM_APS_1 | C23: 1 | D23: LED4 | E23: 2 | F23: LED3 | G23: =$E$16/$E$17 -> 0.050863702 | H23: Unintended LED turn OFF | I23: Unintended LED turn OFF | J23: X | L23: 1 | M23: Y | N23: =G23*L23 -> 0.050863702 | O23: =IF(M23="N",100%,0%) -> 0 | P23: SM05 SM06 | R23: 0.99 | S23: =IF(M23="N",0,N23*(1-O23)*(1-R23)) -> 0.00050863702 | U23: =M23 -> Y | V23: =P23 -> SM05 SM06 | X23: 0.8 | Y23: =IF(U23="N",0,(N23*(1-O23)-S23)*(1-X23)) -> 0.010071013 | AA23: NOTE 2: SM06 Driver health check can be used to MPF.
B24: FM_APS_2 | C24: 2 | D24: LED3 | E24: 3 | F24: LED2 | G24: =$E$16/$E$17 -> 0.050863702 | H24: Unintended LED turn OFF | I24: Unintended LED turn OFF | J24: X | L24: 1 | M24: Y | N24: =G24*L24 -> 0.050863702 | O24: =IF(M24="N",100%,0%) -> 0 | P24: SM05 SM06 | R24: 0.99 | S24: =IF(M24="N",0,N24*(1-O24)*(1-R24)) -> 0.00050863702 | U24: =M24 -> Y | V24: =P24 -> SM05 SM06 | X24: 0.8 | Y24: =IF(U24="N",0,(N24*(1-O24)-S24)*(1-X24)) -> 0.010071013 | AA24: NOTE 2
B25: FM_APS_3 | C25: 3 | D25: LED2 | E25: 4 | F25: LED1A | G25: =$E$16/$E$17 -> 0.050863702 | H25: Unintended LED turn OFF | I25: Unintended LED turn OFF | J25: X | L25: 1 | M25: Y | N25: =G25*L25 -> 0.050863702 | O25: =IF(M25="N",100%,0%) -> 0 | P25: SM05 SM06 | R25: 0.99 | S25: =IF(M25="N",0,N25*(1-O25)*(1-R25)) -> 0.00050863702 | U25: =M25 -> Y | V25: =P25 -> SM05 SM06 | X25: 0.8 | Y25: =IF(U25="N",0,(N25*(1-O25)-S25)*(1-X25)) -> 0.010071013 | AA25: NOTE 2
B26: FM_APS_4 | C26: 4 | D26: LED1A | E26: 5 | F26: LED1K | G26: =$E$16/$E$17 -> 0.050863702 | H26: Unintended LED turn OFF | I26: Unintended LED turn OFF | J26: X | L26: 1 | M26: Y | N26: =G26*L26 -> 0.050863702 | O26: =IF(M26="N",100%,0%) -> 0 | P26: SM05 SM06 | R26: 0.99 | S26: =IF(M26="N",0,N26*(1-O26)*(1-R26)) -> 0.00050863702 | U26: =M26 -> Y | V26: =P26 -> SM05 SM06 | X26: 0.8 | Y26: =IF(U26="N",0,(N26*(1-O26)-S26)*(1-X26)) -> 0.010071013 | AA26: NOTE 2
B27: FM_APS_5 | C27: 5 | D27: LED1K | E27: 6 | F27: CS | G27: =$E$16/$E$17 -> 0.050863702 | H27: Current Sense Reading Error | I27: No effect | J27: O | L27: 1 | M27: N | N27: =G27*L27 -> 0.050863702 | O27: =IF(M27="N",100%,0%) -> 1 | U27: =M27 -> N
B28: FM_APS_6 | C28: 6 | D28: CS | E28: 7 | F28: GND | G28: =$E$16/$E$17 -> 0.050863702 | H28: Current Sense Reading Error | I28: No effect | J28: O | L28: 1 | M28: N | N28: =G28*L28 -> 0.050863702 | O28: =IF(M28="N",100%,0%) -> 1 | U28: =M28 -> N | V28: =P28
B29: FM_APS_7 | C29: 7 | D29: GND | E29: 8 | F29: FS | G29: =$E$16/$E$17 -> 0.050863702 | H29: Switches always OFF in FS mode | I29: LEDs always OFF in FS mode | J29: O | L29: 1 | M29: N | N29: =G29*L29 -> 0.050863702 | O29: =IF(M29="N",100%,0%) -> 1 | U29: =M29 -> N | V29: =P29
B30: FM_APS_8 | C30: 8 | D30: FS | E30: 9 | F30: ADC1 | G30: =$E$16/$E$17 -> 0.050863702 | H30: Switches always OFF in FS mode. Cannot use ADC to external reading. | I30: LEDs always OFF in FS mode | J30: O | L30: 1 | M30: N | N30: =G30*L30 -> 0.050863702 | O30: =IF(M30="N",100%,0%) -> 1 | U30: =M30 -> N | V30: =P30
B31: FM_APS_9 | C31: 9 | D31: ADC1 | E31: 10 | F31: VDDO | G31: =$E$16/$E$17 -> 0.050863702 | H31: Cannot use ADC1 to external reading | I31: No effect | J31: O | L31: 1 | M31: N | N31: =G31*L31 -> 0.050863702 | O31: =IF(M31="N",100%,0%) -> 1 | U31: =M31 -> N | V31: =P31
B32: FM_APS_10 | C32: 10 | D32: VDDO | E32: 11 | F32: ADC2 | G32: =$E$16/$E$17 -> 0.050863702 | H32: Cannot use ADC2 to external reading | I32: No effect | J32: O | L32: 1 | M32: N | N32: =G32*L32 -> 0.050863702 | O32: =IF(M32="N",100%,0%) -> 1 | U32: =M32 -> N | V32: =P32
B33: FM_APS_11 | C33: 11 | D33: ADC2 | E33: 12 | F33: ADDR0 | G33: =$E$16/$E$17 -> 0.050863702 | H33: Cannot use ADC to external reading. ADDR0 has pull-up. | I33: No effect | J33: O | L33: 1 | M33: N | N33: =G33*L33 -> 0.050863702 | O33: =IF(M33="N",100%,0%) -> 1 | U33: =M33 -> N | V33: =P33
B34: FM_APS_12 | C34: 12 | D34: ADDR0 | E34: 13 | F34: ADDR1 | G34: =$E$16/$E$17 -> 0.050863702 | H34: UART Communication Error. Operate in FS. | I34: Fail-safe mode active | J34: X | L34: 1 | M34: Y | N34: =G34*L34 -> 0.050863702 | O34: =IF(M34="N",100%,0%) -> 0 | P34: SM09 SM10 SM13 | R34: 0.99 | S34: =IF(M34="N",0,N34*(1-O34)*(1-R34)) -> 0.00050863702 | U34: =M34 -> Y | V34: =P34 -> SM09 SM10 SM13 | X34: 1 | Y34: =IF(U34="N",0,(N34*(1-O34)-S34)*(1-X34)) -> 0 | AA34: NOTE 1
B35: FM_APS_13 | C35: 13 | D35: ADDR1 | E35: 14 | F35: NC1 | G35: =$E$16/$E$17 -> 0.050863702 | H35: No effect. Short to no connection pin. | I35: No effect | J35: O | L35: 1 | M35: N | N35: =G35*L35 -> 0.050863702 | O35: =IF(M35="N",100%,0%) -> 1 | U35: =M35 -> N | V35: =P35
B36: FM_APS_14 | C36: 14 | D36: NC1 | E36: 15 | F36: SYNC | G36: =$E$16/$E$17 -> 0.050863702 | H36: No effect. Short to no connection pin. | I36: No effect | J36: O | L36: 1 | M36: N | N36: =G36*L36 -> 0.050863702 | O36: =IF(M36="N",100%,0%) -> 1 | U36: =M36 -> N | V36: =P36
B37: FM_APS_15 | C37: 15 | D37: SYNC | E37: 16 | F37: RX | G37: =$E$16/$E$17 -> 0.050863702 | H37: UART Communication Error. SYNC has pull-down. Operate in FS. | I37: Fail-safe mode active | J37: X | L37: 1 | M37: Y | N37: =G37*L37 -> 0.050863702 | O37: =IF(M37="N",100%,0%) -> 0 | P37: SM09 SM10 SM13 | R37: 0.99 | S37: =IF(M37="N",0,N37*(1-O37)*(1-R37)) -> 0.00050863702 | U37: =M37 -> Y | V37: =P37 -> SM09 SM10 SM13 | X37: 1 | Y37: =IF(U37="N",0,(N37*(1-O37)-S37)*(1-X37)) -> 0 | AA37: NOTE 1: Since SM10 is a self-test for SM9, multi-point coverage is 100%.
B38: FM_APS_16 | C38: 16 | D38: RX | E38: 17 | F38: TX | G38: =$E$16/$E$17 -> 0.050863702 | H38: UART Communication Error. Operate in FS. | I38: Fail-safe mode active | J38: X | L38: 1 | M38: Y | N38: =G38*L38 -> 0.050863702 | O38: =IF(M38="N",100%,0%) -> 0 | P38: SM09 SM10 SM13 | R38: 0.99 | S38: =IF(M38="N",0,N38*(1-O38)*(1-R38)) -> 0.00050863702 | U38: =M38 -> Y | V38: =P38 -> SM09 SM10 SM13 | X38: 1 | Y38: =IF(U38="N",0,(N38*(1-O38)-S38)*(1-X38)) -> 0
B39: FM_APS_17 | C39: 17 | D39: TX | E39: 18 | F39: GND2 | G39: =$E$16/$E$17 -> 0.050863702 | H39: UART Communication Error. Operate in FS. | I39: Fail-safe mode active | J39: X | L39: 1 | M39: Y | N39: =G39*L39 -> 0.050863702 | O39: =IF(M39="N",100%,0%) -> 0 | P39: SM09 SM10 SM13 | R39: 0.99 | S39: =IF(M39="N",0,N39*(1-O39)*(1-R39)) -> 0.00050863702 | U39: =M39 -> Y | V39: =P39 -> SM09 SM10 SM13 | X39: 1 | Y39: =IF(U39="N",0,(N39*(1-O39)-S39)*(1-X39)) -> 0
B40: FM_APS_18 | C40: 18 | D40: GND2 | E40: 19 | F40: VDD | G40: =$E$16/$E$17 -> 0.050863702 | H40: Device power-off | I40: Unintended LED turn ON | J40: X | L40: 1 | M40: Y | N40: =G40*L40 -> 0.050863702 | O40: =IF(M40="N",100%,0%) -> 0 | P40: SM01 SM15 SM16 SM22 | R40: 0.99 | S40: =IF(M40="N",0,N40*(1-O40)*(1-R40)) -> 0.00050863702 | U40: =M40 -> Y | V40: =P40 -> SM01 SM15 SM16 SM22 | X40: 1 | Y40: =IF(U40="N",0,(N40*(1-O40)-S40)*(1-X40)) -> 0 | AA40: NOTE 3: SM22 activate safe-state due to VDD fault, 100% MPC.
B41: FM_APS_19 | C41: 19 | D41: VDD | E41: 20 | F41: TX | G41: =$E$16/$E$17 -> 0.050863702 | H41: UART Communication Error. Operate in FS. | I41: Fail-safe mode active | J41: X | L41: 1 | M41: Y | N41: =G41*L41 -> 0.050863702 | O41: =IF(M41="N",100%,0%) -> 0 | P41: SM09 SM10 SM13 | R41: 0.99 | S41: =IF(M41="N",0,N41*(1-O41)*(1-R41)) -> 0.00050863702 | U41: =M41 -> Y | V41: =P41 -> SM09 SM10 SM13 | X41: 1 | Y41: =IF(U41="N",0,(N41*(1-O41)-S41)*(1-X41)) -> 0 | AA41: NOTE 1
B42: FM_APS_20 | C42: 20 | D42: TX | E42: 21 | F42: RX | G42: =$E$16/$E$17 -> 0.050863702 | H42: UART Communication Error. Operate in FS. | I42: Fail-safe mode active | J42: X | L42: 1 | M42: Y | N42: =G42*L42 -> 0.050863702 | O42: =IF(M42="N",100%,0%) -> 0 | P42: SM09 SM10 SM13 | R42: 0.99 | S42: =IF(M42="N",0,N42*(1-O42)*(1-R42)) -> 0.00050863702 | U42: =M42 -> Y | V42: =P42 -> SM09 SM10 SM13 | X42: 1 | Y42: =IF(U42="N",0,(N42*(1-O42)-S42)*(1-X42)) -> 0 | AA42: NOTE 1
B43: FM_APS_21 | C43: 21 | D43: RX | E43: 22 | F43: SYNC | G43: =$E$16/$E$17 -> 0.050863702 | H43: UART Communication Error. SYNC has pull-down. Operate in FS. | I43: Fail-safe mode active | J43: X | L43: 1 | M43: Y | N43: =G43*L43 -> 0.050863702 | O43: =IF(M43="N",100%,0%) -> 0 | P43: SM09 SM10 SM13 | R43: 0.99 | S43: =IF(M43="N",0,N43*(1-O43)*(1-R43)) -> 0.00050863702 | U43: =M43 -> Y | V43: =P43 -> SM09 SM10 SM13 | X43: 1 | Y43: =IF(U43="N",0,(N43*(1-O43)-S43)*(1-X43)) -> 0 | AA43: NOTE 1
B44: FM_APS_22 | C44: 22 | D44: SYNC | E44: 23 | F44: NC2 | G44: =$E$16/$E$17 -> 0.050863702 | H44: No effect. Short to no connection pin. | I44: No effect | J44: O | L44: 1 | M44: N | N44: =G44*L44 -> 0.050863702 | O44: =IF(M44="N",100%,0%) -> 1 | U44: =M44 -> N | V44: =P44
B45: FM_APS_23 | C45: 23 | D45: NC2 | E45: 24 | F45: CLK_SEL | G45: =$E$16/$E$17 -> 0.050863702 | H45: No effect. Short to no connection pin. | I45: No effect | J45: O | L45: 1 | M45: N | N45: =G45*L45 -> 0.050863702 | O45: =IF(M45="N",100%,0%) -> 1 | U45: =M45 -> N | V45: =P45
B46: FM_APS_24 | C46: 24 | D46: CLK_SEL | E46: 25 | F46: ADDR2 | G46: =$E$16/$E$17 -> 0.050863702 | H46: UART Communication Error. Operate in FS. | I46: Fail-safe mode active | J46: X | L46: 1 | M46: Y | N46: =G46*L46 -> 0.050863702 | O46: =IF(M46="N",100%,0%) -> 0 | P46: SM09 SM10 SM13 | R46: 0.99 | S46: =IF(M46="N",0,N46*(1-O46)*(1-R46)) -> 0.00050863702 | U46: =M46 -> Y | V46: =P46 -> SM09 SM10 SM13 | X46: 1 | Y46: =IF(U46="N",0,(N46*(1-O46)-S46)*(1-X46)) -> 0 | AA46: NOTE 1
B47: FM_APS_25 | C47: 25 | D47: ADDR2 | E47: 26 | F47: ADDR3 | G47: =$E$16/$E$17 -> 0.050863702 | H47: UART Communication Error. Operate in FS. | I47: Fail-safe mode active | J47: X | L47: 1 | M47: Y | N47: =G47*L47 -> 0.050863702 | O47: =IF(M47="N",100%,0%) -> 0 | P47: SM09 SM10 SM13 | R47: 0.99 | S47: =IF(M47="N",0,N47*(1-O47)*(1-R47)) -> 0.00050863702 | U47: =M47 -> Y | V47: =P47 -> SM09 SM10 SM13 | X47: 1 | Y47: =IF(U47="N",0,(N47*(1-O47)-S47)*(1-X47)) -> 0 | AA47: NOTE 1
B48: FM_APS_26 | C48: 26 | D48: ADDR3 | E48: 27 | F48: GND3 | G48: =$E$16/$E$17 -> 0.050863702 | H48: UART Communication Error. Operate in FS. | I48: Fail-safe mode active | J48: X | L48: 1 | M48: Y | N48: =G48*L48 -> 0.050863702 | O48: =IF(M48="N",100%,0%) -> 0 | P48: SM09 SM10 SM13 | R48: 0.99 | S48: =IF(M48="N",0,N48*(1-O48)*(1-R48)) -> 0.00050863702 | U48: =M48 -> Y | V48: =P48 -> SM09 SM10 SM13 | X48: 1 | Y48: =IF(U48="N",0,(N48*(1-O48)-S48)*(1-X48)) -> 0 | AA48: NOTE 1
B49: FM_APS_27 | C49: 27 | D49: GND3 | E49: 28 | F49: NC3 | G49: =$E$16/$E$17 -> 0.050863702 | H49: No effect. Short to no connection pin. | I49: No effect | J49: O | L49: 1 | M49: N | N49: =G49*L49 -> 0.050863702 | O49: =IF(M49="N",100%,0%) -> 1 | U49: =M49 -> N | V49: =P49
B50: FM_APS_28 | C50: 28 | D50: NC3 | E50: 29 | F50: CPN | G50: =$E$16/$E$17 -> 0.050863702 | H50: No effect. Short to no connection pin. | I50: No effect | J50: O | L50: 1 | M50: N | N50: =G50*L50 -> 0.050863702 | O50: =IF(M50="N",100%,0%) -> 1 | U50: =M50 -> N | V50: =P50
B51: FM_APS_29 | C51: 29 | D51: CPN | E51: 30 | F51: CPP | G51: =$E$16/$E$17 -> 0.050863702 | H51: No operation. Charge-pump fails. | I51: Unintended LED turn ON | J51: X | L51: 1 | M51: Y | N51: =G51*L51 -> 0.050863702 | O51: =IF(M51="N",100%,0%) -> 0 | P51: SM14 SM22 | R51: 0.99 | S51: =IF(M51="N",0,N51*(1-O51)*(1-R51)) -> 0.00050863702 | U51: =M51 -> Y | V51: =P51 -> SM14 SM22 | X51: 1 | Y51: =IF(U51="N",0,(N51*(1-O51)-S51)*(1-X51)) -> 0 | AA51: NOTE 4: SM22 activate safe-state due to charge-pump fault, 100% MPC.
B52: FM_APS_30 | C52: 30 | D52: CPP | E52: 31 | F52: NC4 | G52: =$E$16/$E$17 -> 0.050863702 | H52: No effect. Short to no connection pin. | I52: No effect | J52: O | L52: 1 | M52: N | N52: =G52*L52 -> 0.050863702 | O52: =IF(M52="N",100%,0%) -> 1 | U52: =M52 -> N | V52: =P52
B53: FM_APS_31 | C53: 31 | D53: NC4 | E53: 32 | F53: LED16 | G53: =$E$16/$E$17 -> 0.050863702 | H53: No effect. Short to no connection pin. | I53: No effect | J53: O | L53: 1 | M53: N | N53: =G53*L53 -> 0.050863702 | O53: =IF(M53="N",100%,0%) -> 1 | U53: =M53 -> N | V53: =P53
B54: FM_APS_32 | C54: 32 | D54: LED16 | E54: 33 | F54: LED15 | G54: =$E$16/$E$17 -> 0.050863702 | H54: Unintended LED turn OFF | I54: Unintended LED turn OFF | J54: X | L54: 1 | M54: Y | N54: =G54*L54 -> 0.050863702 | O54: =IF(M54="N",100%,0%) -> 0 | P54: SM05 SM06 | R54: 0.99 | S54: =IF(M54="N",0,N54*(1-O54)*(1-R54)) -> 0.00050863702 | U54: =M54 -> Y | V54: =P54 -> SM05 SM06 | X54: 0.8 | Y54: =IF(U54="N",0,(N54*(1-O54)-S54)*(1-X54)) -> 0.010071013 | AA54: NOTE 2
B55: FM_APS_33 | C55: 33 | D55: LED15 | E55: 34 | F55: LED14 | G55: =$E$16/$E$17 -> 0.050863702 | H55: Unintended LED turn OFF | I55: Unintended LED turn OFF | J55: X | L55: 1 | M55: Y | N55: =G55*L55 -> 0.050863702 | O55: =IF(M55="N",100%,0%) -> 0 | P55: SM05 SM06 | R55: 0.99 | S55: =IF(M55="N",0,N55*(1-O55)*(1-R55)) -> 0.00050863702 | U55: =M55 -> Y | V55: =P55 -> SM05 SM06 | X55: 0.8 | Y55: =IF(U55="N",0,(N55*(1-O55)-S55)*(1-X55)) -> 0.010071013 | AA55: NOTE 2
B56: FM_APS_34 | C56: 34 | D56: LED14 | E56: 35 | F56: LED13A | G56: =$E$16/$E$17 -> 0.050863702 | H56: Unintended LED turn OFF | I56: Unintended LED turn OFF | J56: X | L56: 1 | M56: Y | N56: =G56*L56 -> 0.050863702 | O56: =IF(M56="N",100%,0%) -> 0 | P56: SM05 SM06 | R56: 0.99 | S56: =IF(M56="N",0,N56*(1-O56)*(1-R56)) -> 0.00050863702 | U56: =M56 -> Y | V56: =P56 -> SM05 SM06 | X56: 0.8 | Y56: =IF(U56="N",0,(N56*(1-O56)-S56)*(1-X56)) -> 0.010071013 | AA56: NOTE 2
B57: FM_APS_35 | C57: 35 | D57: LED13A | E57: 36 | F57: LED13K | G57: =$E$16/$E$17 -> 0.050863702 | H57: Unintended LED turn OFF | I57: Unintended LED turn OFF | J57: X | L57: 1 | M57: Y | N57: =G57*L57 -> 0.050863702 | O57: =IF(M57="N",100%,0%) -> 0 | P57: SM05 SM06 | R57: 0.99 | S57: =IF(M57="N",0,N57*(1-O57)*(1-R57)) -> 0.00050863702 | U57: =M57 -> Y | V57: =P57 -> SM05 SM06 | X57: 0.8 | Y57: =IF(U57="N",0,(N57*(1-O57)-S57)*(1-X57)) -> 0.010071013 | AA57: NOTE 2
B58: FM_APS_36 | C58: 36 | D58: LED13K | E58: 37 | F58: LED12 | G58: =$E$16/$E$17 -> 0.050863702 | H58: Unintended LED turn OFF | I58: Unintended LED turn OFF | J58: X | L58: 1 | M58: Y | N58: =G58*L58 -> 0.050863702 | O58: =IF(M58="N",100%,0%) -> 0 | P58: SM05 SM06 | R58: 0.99 | S58: =IF(M58="N",0,N58*(1-O58)*(1-R58)) -> 0.00050863702 | U58: =M58 -> Y | V58: =P58 -> SM05 SM06 | X58: 0.8 | Y58: =IF(U58="N",0,(N58*(1-O58)-S58)*(1-X58)) -> 0.010071013 | AA58: NOTE 2
B59: FM_APS_37 | C59: 37 | D59: LED12 | E59: 38 | F59: LED11 | G59: =$E$16/$E$17 -> 0.050863702 | H59: Unintended LED turn OFF | I59: Unintended LED turn OFF | J59: X | L59: 1 | M59: Y | N59: =G59*L59 -> 0.050863702 | O59: =IF(M59="N",100%,0%) -> 0 | P59: SM05 SM06 | R59: 0.99 | S59: =IF(M59="N",0,N59*(1-O59)*(1-R59)) -> 0.00050863702 | U59: =M59 -> Y | V59: =P59 -> SM05 SM06 | X59: 0.8 | Y59: =IF(U59="N",0,(N59*(1-O59)-S59)*(1-X59)) -> 0.010071013 | AA59: NOTE 2
B60: FM_APS_38 | C60: 38 | D60: LED11 | E60: 39 | F60: LED10 | G60: =$E$16/$E$17 -> 0.050863702 | H60: Unintended LED turn OFF | I60: Unintended LED turn OFF | J60: X | L60: 1 | M60: Y | N60: =G60*L60 -> 0.050863702 | O60: =IF(M60="N",100%,0%) -> 0 | P60: SM05 SM06 | R60: 0.99 | S60: =IF(M60="N",0,N60*(1-O60)*(1-R60)) -> 0.00050863702 | U60: =M60 -> Y | V60: =P60 -> SM05 SM06 | X60: 0.8 | Y60: =IF(U60="N",0,(N60*(1-O60)-S60)*(1-X60)) -> 0.010071013 | AA60: NOTE 2
B61: FM_APS_39 | C61: 39 | D61: LED10 | E61: 40 | F61: LED9A | G61: =$E$16/$E$17 -> 0.050863702 | H61: Unintended LED turn OFF | I61: Unintended LED turn OFF | J61: X | L61: 1 | M61: Y | N61: =G61*L61 -> 0.050863702 | O61: =IF(M61="N",100%,0%) -> 0 | P61: SM05 SM06 | R61: 0.99 | S61: =IF(M61="N",0,N61*(1-O61)*(1-R61)) -> 0.00050863702 | U61: =M61 -> Y | V61: =P61 -> SM05 SM06 | X61: 0.8 | Y61: =IF(U61="N",0,(N61*(1-O61)-S61)*(1-X61)) -> 0.010071013 | AA61: NOTE 2
B62: FM_APS_40 | C62: 40 | D62: LED9A | E62: 41 | F62: LED9K | G62: =$E$16/$E$17 -> 0.050863702 | H62: Unintended LED turn OFF | I62: Unintended LED turn OFF | J62: X | L62: 1 | M62: Y | N62: =G62*L62 -> 0.050863702 | O62: =IF(M62="N",100%,0%) -> 0 | P62: SM05 SM06 | R62: 0.99 | S62: =IF(M62="N",0,N62*(1-O62)*(1-R62)) -> 0.00050863702 | U62: =M62 -> Y | V62: =P62 -> SM05 SM06 | X62: 0.8 | Y62: =IF(U62="N",0,(N62*(1-O62)-S62)*(1-X62)) -> 0.010071013 | AA62: NOTE 2
B63: FM_APS_41 | C63: 41 | D63: LED9K | E63: 42 | F63: NC5 | G63: =$E$16/$E$17 -> 0.050863702 | H63: No effect. Short to no connection pin. | I63: No effect | J63: O | L63: 1 | M63: N | N63: =G63*L63 -> 0.050863702 | O63: =IF(M63="N",100%,0%) -> 1 | U63: =M63 -> N | V63: =P63
B64: FM_APS_42 | C64: 42 | D64: NC5 | E64: 43 | F64: NC6 | G64: =$E$16/$E$17 -> 0.050863702 | H64: No effect. Short to no connection pin. | I64: No effect | J64: O | L64: 1 | M64: N | N64: =G64*L64 -> 0.050863702 | O64: =IF(M64="N",100%,0%) -> 1 | U64: =M64 -> N | V64: =P64
B65: FM_APS_43 | C65: 43 | D65: NC6 | E65: 44 | F65: LED8 | G65: =$E$16/$E$17 -> 0.050863702 | H65: No effect. Short to no connection pin. | I65: No effect | J65: O | L65: 1 | M65: N | N65: =G65*L65 -> 0.050863702 | O65: =IF(M65="N",100%,0%) -> 1 | U65: =M65 -> N | V65: =P65
B66: FM_APS_44 | C66: 44 | D66: LED8 | E66: 45 | F66: LED7 | G66: =$E$16/$E$17 -> 0.050863702 | H66: Unintended LED turn OFF | I66: Unintended LED turn OFF | J66: X | L66: 1 | M66: Y | N66: =G66*L66 -> 0.050863702 | O66: =IF(M66="N",100%,0%) -> 0 | P66: SM05 SM06 | R66: 0.99 | S66: =IF(M66="N",0,N66*(1-O66)*(1-R66)) -> 0.00050863702 | U66: =M66 -> Y | V66: =P66 -> SM05 SM06 | X66: 0.8 | Y66: =IF(U66="N",0,(N66*(1-O66)-S66)*(1-X66)) -> 0.010071013 | AA66: NOTE 2
B67: FM_APS_45 | C67: 45 | D67: LED7 | E67: 46 | F67: LED6 | G67: =$E$16/$E$17 -> 0.050863702 | H67: Unintended LED turn OFF | I67: Unintended LED turn OFF | J67: X | L67: 1 | M67: Y | N67: =G67*L67 -> 0.050863702 | O67: =IF(M67="N",100%,0%) -> 0 | P67: SM05 SM06 | R67: 0.99 | S67: =IF(M67="N",0,N67*(1-O67)*(1-R67)) -> 0.00050863702 | U67: =M67 -> Y | V67: =P67 -> SM05 SM06 | X67: 0.8 | Y67: =IF(U67="N",0,(N67*(1-O67)-S67)*(1-X67)) -> 0.010071013 | AA67: NOTE 2
B68: FM_APS_46 | C68: 46 | D68: LED6 | E68: 47 | F68: LED5A | G68: =$E$16/$E$17 -> 0.050863702 | H68: Unintended LED turn OFF | I68: Unintended LED turn OFF | J68: X | L68: 1 | M68: Y | N68: =G68*L68 -> 0.050863702 | O68: =IF(M68="N",100%,0%) -> 0 | P68: SM05 SM06 | R68: 0.99 | S68: =IF(M68="N",0,N68*(1-O68)*(1-R68)) -> 0.00050863702 | U68: =M68 -> Y | V68: =P68 -> SM05 SM06 | X68: 0.8 | Y68: =IF(U68="N",0,(N68*(1-O68)-S68)*(1-X68)) -> 0.010071013 | AA68: NOTE 2
B69: FM_APS_47 | C69: 47 | D69: LED5A | E69: 48 | F69: LED5K | G69: =$E$16/$E$17 -> 0.050863702 | H69: Unintended LED turn OFF | I69: Unintended LED turn OFF | J69: X | L69: 1 | M69: Y | N69: =G69*L69 -> 0.050863702 | O69: =IF(M69="N",100%,0%) -> 0 | P69: SM05 SM06 | R69: 0.99 | S69: =IF(M69="N",0,N69*(1-O69)*(1-R69)) -> 0.00050863702 | U69: =M69 -> Y | V69: =P69 -> SM05 SM06 | X69: 0.8 | Y69: =IF(U69="N",0,(N69*(1-O69)-S69)*(1-X69)) -> 0.010071013 | AA69: NOTE 2
B70: FM_APS_48 | C70: 48 | D70: LED5K | E70: 1 | F70: LED4 | G70: =$E$16/$E$17 -> 0.050863702 | H70: Unintended LED turn OFF | I70: Unintended LED turn OFF | J70: X | L70: 1 | M70: Y | N70: =G70*L70 -> 0.050863702 | O70: =IF(M70="N",100%,0%) -> 0 | P70: SM05 SM06 | R70: 0.99 | S70: =IF(M70="N",0,N70*(1-O70)*(1-R70)) -> 0.00050863702 | U70: =M70 -> Y | V70: =P70 -> SM05 SM06 | X70: 0.8 | Y70: =IF(U70="N",0,(N70*(1-O70)-S70)*(1-X70)) -> 0.010071013 | AA70: NOTE 2
G71: =SUM(G23:G70) -> 2.4414577 | N71: =SUM(N23:N70) -> 2.4414577 | S71: =SUM(S23:S70) -> 0.015259111 | Y71: =SUM(Y23:Y70) -> 0.18127824

Sheet Summary
K2: Document ID | M2: =Cover!$F$18 -> ELM-803-FS-0001
K3: Author | M3: =Cover!$F$19 -> Safety Manager | N3: =Cover!$G$19 -> I. Kök
K4: Version | M4: =Cover!$F$20 -> B2
K5: Status | M5: =Cover!$F$21 -> approved after review
B6: =Cover!A7 -> FMEDA
A8: =Cover!A9 -> ID803 - Vega
B10: Project name Safety Analysis Report
B11: Safety Goal | D11: SG1 - ASIL B | E11: Unintended activation of the power supplies shall be avoided | L11: Part5 8.4.5, 8.4.6, 9.4.2.1, 9.4.2.2, 9.4.2.3 a)-d)
D12: SG2 - ASIL B | E12: Avoid transmission of corrupted wrong data to MCU via MCU interface
D13: SG3 - ASIL B | E13: Unintended activation of the electrical relay driver shall be avoided
B14: ASIL | D14: B | G14: SPFM | H14: LFM | I14: PMHF [FIT]
B15: Target Metrics (IC) | G15: =IF(D14="D", "99.0%", IF(D14="C","97.0%", IF(D14="B", "90.0%", IF(D14="A", "N/A", IF(D14="QM", "N/A", "Invalid ASIL"))))) -> 90.0% | H15: =IF(D14="D", "90.0%", IF(D14="C","80.0%", IF(D14="B", "60.0%", IF(D14="A", "N/A", IF(D14="QM", "N/A", "Invalid ASIL"))))) -> 60.0% | I15: 30
B16: Target Metrics (System) (just for reference) | G16: =IF(D14="D", "99.0%", IF(D14="C","97.0%", IF(D14="B", "90.0%", IF(D14="A", "N/A", IF(D14="QM", "N/A", "Invalid ASIL"))))) -> 90.0% | H16: =IF(D14="D", "90.0%", IF(D14="C","80.0%", IF(D14="B", "60.0%", IF(D14="A", "N/A", IF(D14="QM", "N/A", "Invalid ASIL"))))) -> 60.0% | I16: 100
N17: Part9 8.4.10 a)
N18: Part5 8.4.7, 8.4.8,
D19: λ [FIT] | E19: λ(SPF,RF) [FIT] | F19: λ(LF) [FIT] | G19: SPFM [%] | H19: LFM [%] | I19: PMHF [FIT] | J19: ASIL Judgment (SPF,RF) | K19: ASIL Judgment (LF) | L19: Comment (about dedicated measure, if applicable)
B20: Die(Core) | D20: =FMEDA!K14 -> 6.3327874 | E20: =FMEDA!K15 -> 0.10455336 | F20: =FMEDA!K16 -> 0.74109836 | G20: =1-(E20/D20) -> 0.98349015 | H20: =1-(F20/(D20-E20)) -> 0.88100987 | I20: =E20+0.5*(D20*G20)*F20*'Die_PKG Base Failure rate'!$F$98*0.000000001 -> 0.10457182 | J20: =IF(G20>=90%,"pass","fail") -> pass | K20: =IF(H20>=60%,"pass","fail") -> pass
B21: PAD(Protect Diode -VCC) | D21: ='PAD(PSP))'!H14 -> 2.4414577 | E21: ='PAD(PSP))'!H15 -> 0.06663145 | F21: ='PAD(PSP))'!H16 -> 0.25238569 | G21: =1-(E21/D21) -> 0.97270833 | H21: =1-(F21/(D21-E21)) -> 0.89372457 | I21: =E21+0.5*(D21*G21)*F21*0.000000001*'Die_PKG Base Failure rate'!$F$98 -> 0.066633848 | J21: =IF(G21>=90%,"pass","fail") -> pass | K21: =IF(H21>=60%,"pass","fail") -> pass
B22: PAD(Protect Diode -GND) | D22: ='PAD(PSG))'!H14 -> 2.4414577 | E22: ='PAD(PSG))'!H15 -> 0.066122813 | F22: ='PAD(PSG))'!H16 -> 0.25238569 | G22: =1-(E22/D22) -> 0.97291667 | H22: =1-(F22/(D22-E22)) -> 0.89374732 | I22: =E22+0.5*(D22*G22)*F22*0.000000001*'Die_PKG Base Failure rate'!$F$98 -> 0.066125211 | J22: =IF(G22>=90%,"pass","fail") -> pass | K22: =IF(H22>=60%,"pass","fail") -> pass
B23: Bonding (Open) | D23: ='Bonding(OPEN) '!I15 -> 65.919358 | E23: ='Bonding(OPEN) '!I16 -> 1.7990492 | F23: ='Bonding(OPEN) '!I17 -> 7.086331 | G23: =1-(E23/D23) -> 0.97270833 | H23: =1-(F23/(D23-E23)) -> 0.88948383 | I23: =E23+0.5*(D23*G23)*F23*0.000000001*'Die_PKG Base Failure rate'!$F$98 -> 1.8008667 | J23: =IF(G23>=90%,"pass","fail") -> pass | K23: =IF(H23>=60%,"pass","fail") -> pass
B24: PIN(Near short) | D24: ='PIN(Near short)'!I15 -> 2.4414577 | E24: ='PIN(Near short)'!I16 -> 0.015259111 | F24: ='PIN(Near short)'!I17 -> 0.18127824 | G24: =1-(E24/D24) -> 0.99375 | H24: =1-(F24/(D24-E24)) -> 0.92528302 | I24: =E24+0.5*(D24*G24)*F24*0.000000001*'Die_PKG Base Failure rate'!$F$98 -> 0.01526087 | J24: =IF(G24>=90%,"pass","fail") -> pass | K24: =IF(H24>=60%,"pass","fail") -> pass
B25: IC TOTAL | D25: =SUM(D20:D24) -> 79.576519 | E25: =SUM(E20:E24) -> 2.0516159 | F25: =SUM(F20:F24) -> 8.513479 | G25: =1-(E25/D25) -> 0.97421833 | H25: =1-(F25/(D25-E25)) -> 0.89018395 | I25: =E25+0.5*(D25*G25)*F25*0.000000001*'Die_PKG Base Failure rate'!$F$98 -> 2.0542559 | J25: =IF(G25>=90%,"pass","fail") -> pass | K25: =IF(H25>=60%,"pass","fail") -> pass
B27: Judgement
E28: OK / NG | F28: Part9 8.4.2
B29: ISO 26262 parts which are not referred | E29: Part9 8.4.3 8.4.10 b)
B30: Hazard information found during analysis | E30: Part9 8.4.5

Sheet DFI List
M2: Document ID | N2: =Cover!$F$18 -> ELM-803-FS-0001
M3: Author | N3: =Cover!$F$19 -> Safety Manager | O3: =Cover!$G$19 -> I. Kök
M4: Version | N4: =Cover!$F$20 -> B2
M5: Status | N5: =Cover!$F$21 -> approved after review
A8: DFA
A10: =Cover!A9 -> ID803 - Vega
B12: List of DFI in accordance with ISO 26262:2018, Part 11-4.7
C13: Type | D13: Reference | E13: Description | L13: Strategy | N13: Argument
B14: DFI-S1 | C14: Shared Resource | D14: Table 21 | E14: Common Clock (including PLL, clock trees, clock enables signals, etc…) | L14: Checking on each safety mechanism or each redundant pair of fucntion. | N14: Since common clocks are provided to each block, all dependent failures can be analyzed on each combination of IF + SM, redundunt pair of IF and combination of SM + its monitoring block (i.e. BIST).
B15: DFI-S2 | C15: Shared Resource | D15: Table 21 | E15: Common test logic including DFT (Design for Test) signals, scan chains etc…, common debug logic including debug routing network (network that provides access to analogue or digital signals or allows to read digital registers) and trace signals (mechanism to trace one or more signals synchronously (e.g. controlled by triggers or trace clocks and read the result afterwards) | L15: Checking on each safety mechanism or each redundant pair of fucntion. | N15: Since common test signal are provided to each block, all dependent failures can be analyzed on each combination of IF + SM, redundunt pair of IF and combination of SM + its monitoring block (i.e. BIST).
B16: DFI-S3 | C16: Shared Resource | D16: Table 21 | E16: Power supply elements including power distribution network, common voltage regulators, | L16: Checking on each safety mechanism or each redundant pair of fucntion. | N16: Since power supplies are distributed to each block, all dependent failures can be analyzed on each combination of IF + SM, redundunt pair of IF and combination of SM + its monitoring block (i.e. BIST).
B17: DFI-S4 | C17: Shared Resource | D17: Table 21 | E17: Common references (e.g. band-gaps, bias generators and related network) | L17: Checking on each safety mechanism or each redundant pair of fucntion. | N17: Since common voltage / cirrent reference are distributed to each block, all dependent failures can be analyzed on each combination of IF + SM, redundunt pair of IF and combination of SM + its monitoring block (i.e. BIST).
B18: DFI-S5 | C18: Shared Resource | D18: Table 21 | E18: Non simultaneous supply switch-on, that can cause effects like latch up or high in-rush current | L18: Checking on the power sequences based on understanding the process technology. | N18: The sequence of power supply is controlled by logic. And latch up or inrush current occure based on the characteristic of semicomductor process. Therefore considering the process and its sequence can fulfill the requirement for DFA.
B19: DFI-S6 | C19: Shared Resource | D19: Table 21 | E19: Common reset logic including reset signals | L19: Checking on each safety mechanism or each redundant pair of fucntion. | N19: Since common reset signals are distributed to each block, all dependent failures can be analyzed on each combination of IF + SM, redundunt pair of IF and combination of SM + its monitoring block (i.e. BIST).
B20: DFI-S7 | C20: Shared Resource | D20: Table 21 | E20: Shared modules (e.g. RAM, Flash, ADC, Timers, DMA, Interrupt Controller, Busses, etc…) | L20: Checking on each safety mechanism | N20: Since shared modules are used by each block, all dependent failures can be analyzed on each combination of IF + SM, redundunt pair of IF and combination of SM + its monitoring block (i.e. BIST).
B21: DFI-R1 | C21: Random phisical root cause | D21: Table 22 | E21: Short circuits due to e.g.: local defects, electro migration, via migration, contact migration, oxide break down | L21: Covered by FMEA in qualitative safety analysis | N21: Consequence caused by such failure modes are considered to be failure modes which are already analyized in FMEA on each block. Remaining things are the failures on shared resource which will be analyzed in DFI-S7.
B22: DFI-R2 | C22: Random phisical root cause | D22: Table 22 | E22: Latch up | L22: Covered by LUP test as QM process | N22: Latch-up is tested in reliability test. This fullfill the requirement.
B23: DFI-R3 | C23: Random phisical root cause | D23: Table 22 | E23: Cross talk (substrate current, capacitive coupling) | L23: Covered by existing layout check in QM | N23: The potential effect of cross talk is reviewed in design review. This fulfill the requirement.
B24: DFI-R4 | C24: Random phisical root cause | D24: Table 22 | E24: Local heating caused e.g. by defective voltage regulators or output drivers. | L24: Covered by phisical isolation (DTI) in QM | N24: Local heating can be detected and prevented by local thermal sensor which can lead immediate shutdown if needed. This fulfills the requirement.
B25: DFI-E1 | C25: Environmental Conditions | D25: Table 23 | E25: Temperature | L25: Covered by AEC-Q100 qualification | N25: The device is evaluated under all whole temperature conditions. And temerature cycle test is conducted in reliability test. This fulfills the requirement.
... B53: DFI-I5 | C53: Installation faults | D53: Table 26 | E53: Wrong configuration (e.g. of spare memory usage) | L53: Not applicable | N53: Not applicable

Sheet DFA
P3: Document ID | Q3: =Cover!$F$18 -> ELM-803-FS-0001
P4: Author | Q4: =Cover!$F$19 -> Safety Manager | R4: =Cover!$G$19 -> I. Kök
P5: Version | Q5: =Cover!$F$20 -> B2
P6: Status | Q6: =Cover!$F$21 -> approved after review
A9: DFA
A11: =Cover!A9 -> ID803 - Vega
B13: DFA (Dependent Failure Analysis)（Analysis on each combination of SM and IF)
B14: ID | C14: IF block | D14: Description | E14: DFI (DFIs are chosen in the list of DFI) | F14: Description | G14: cause of DFI | H14: Effect of DFI for Review | L14: Mitigation for Review | P14: Relevant SM as mitigation (경감의 관련 SM) | Q14: Verification method | R14: Comment
B15: DFA-1 | C15: REF | E15: Failures in common test logic including DFT (Design for Test) signals, scan chains etc., common debug logic including debug routing network (network that provides access to analogue or digital signals or enables reading of digital registers) and trace signals (mechanism to trace one or more signals synchronously, e.g. controlled by triggers or trace clocks and read the result afterwards) | F15: Table 21 | G15: random fault inits DFT circuit | H15: more circuitry under power, higher current leads to higher temperature | L15: Hamming code secured DFT latches | P15: junction temperature messaged to MCU, compared beween limits
C16: REF | E16: Non simultaneous supply switch on, that can cause effects like latch up or high inrush current | F16: Table 21 | G16: startup | H16: no effect, no big parallelism, same digital circuitry on startup | L16: - | P16: overcurrent sensing
C17: REF | E17: Failures in common reset logic including reset signals | F17: Table 21 | G17: n/a | H17: n/a | L17: n/a | P17: n/a
C18: REF | E18: Failures in power supply elements including power distribution network, common voltage regulators, common references (e.g. band-gaps, bias generators and related network) | F18: Table 21 | G18: no independent bandgaps | H18: voltage faults due to faults in one bandgap | L18: second bandgap | P18: overvoltage check by independent bandgap
C19: REF | E19: Failures in shared modules (e.g. RAM, Flash, ADC, Timers, DMA, Interrupt Controller, Busses, etc.) | F19: Table 21 | G19: n/a | H19: n/a | L19: n/a | P19: n/a
C20: REF | E20: Failures in common clock elements (including PLL, clock trees, clock enable signals, etc.) | F20: Table 21 | G20: n/a | H20: n/a | L20: n/a | P20: n/a
C21: REF | E21: Shared modules (e.g. RAM, Flash, ADC, Timers, DMA, Interrupt Controller, Busses, etc…) | F21: Table 21 | G21: n/a | H21: n/a | L21: n/a | P21: n/a
C22: BIAS | E22: Failures in common test logic including DFT (Design for Test) signals, scan chains etc., common debug logic including debug routing network (network that provides access to analogue or digital signals or enables reading of digital registers) and trace signals (mechanism to trace one or more signals synchronously, e.g. controlled by triggers or trace clocks and read the result afterwards) | F22: Table 21 | G22: random fault inits DFT circuit | H22: more circuitry under power, higher current leads to higher temperature | L22: Hamming code secured DFT latches | P22: junction temperature messaged to MCU, compared beween limits
C23: BIAS | E23: Non simultaneous supply switch on, that can cause effects like latch up or high inrush current | F23: Table 21 | G23: startup | H23: no effect, no big parallelism, same digital circuitry on startup | L23: - | P23: overcurrent sensing
C24: BIAS | E24: Failures in common reset logic including reset signals | F24: Table 21 | G24: n/a | H24: n/a | L24: n/a | P24: n/a
C25: BIAS | E25: Failures in power supply elements including power distribution network, common voltage regulators, common references (e.g. band-gaps, bias generators and related network) | F25: Table 21 | G25: no independent bandgaps | H25: voltage faults due to faults in one bandgap | L25: second bandgap | P25: overvoltage check by independent bandgap
C26: BIAS | E26: Failures in shared modules (e.g. RAM, Flash, ADC, Timers, DMA, Interrupt Controller, Busses, etc.) | F26: Table 21 | G26: n/a | H26: n/a | L26: n/a | P26: n/a
C27: BIAS | E27: Failures in common clock elements (including PLL, clock trees, clock enable signals, etc.) | F27: Table 21 | G27: n/a | H27: n/a | L27: n/a | P27: n/a
... C35: LDO | E35: Shared modules (e.g. RAM, Flash, ADC, Timers, DMA, Interrupt Controller, Busses, etc…) | F35: Table 21 | G35: n/a | H35: n/a | L35: n/a | P35: n/a
C36: OSC | E36: Failures in common test logic including DFT (Design for Test) signals, scan chains etc., common debug logic including debug routing network (network that provides access to analogue or digital signals or enables reading of digital registers) and trace signals (mechanism to trace one or more signals synchronously, e.g. controlled by triggers or trace clocks and read the result afterwards) | F36: Table 21 | G36: random fault inits DFT circuit | H36: DFTclock induces glitches | L36: latches
C37: OSC | E37: Non simultaneous supply switch on, that can cause effects like latch up or high inrush current | F37: Table 21 | G37: startup | H37: no effect, no big parallelism, same digital circuitry on startup | L37: - | P37: overcurrent sensing
C38: OSC | E38: Failures in common reset logic including reset signals | F38: Table 21 | G38: n/a | H38: n/a | L38: n/a | P38: n/a
C39: OSC | E39: Failures in power supply elements including power distribution network, common voltage regulators, common references (e.g. band-gaps, bias generators and related network) | F39: Table 21 | G39: n/a | H39: n/a | L39: n/a | P39: n/a
C40: OSC | E40: Failures in shared modules (e.g. RAM, Flash, ADC, Timers, DMA, Interrupt Controller, Busses, etc.) | F40: Table 21 | G40: n/a | H40: n/a | L40: n/a | P40: n/a
C41: OSC | E41: Failures in common clock elements (including PLL, clock trees, clock enable signals, etc.) | F41: Table 21 | G41: frequency change of clock | H41: e.g. ADC with different characteristics | L41: clock check | P41: clock check
C42: OSC | E42: Shared modules (e.g. RAM, Flash, ADC, Timers, DMA, Interrupt Controller, Busses, etc…) | F42: Table 21 | G42: n/a | H42: n/a | L42: n/a | P42: n/a
C43: TEMP | E43: Failures in common test logic including DFT (Design for Test) signals, scan chains etc., common debug logic including debug routing network (network that provides access to analogue or digital signals or enables reading of digital registers) and trace signals (mechanism to trace one or more signals synchronously, e.g. controlled by triggers or trace clocks and read the result afterwards) | F43: Table 21 | G43: random fault inits DFT circuit | H43: more circuitry under power, higher current leads to higher temperature | L43: Hamming code secured DFT latches, independent bandgap for PTAT | P43: junction temperature messaged to MCU, compared beween limits
C44: TEMP | E44: Non simultaneous supply switch on, that can cause effects like latch up or high inrush current | F44: Table 21 | G44: startup | H44: no effect, no big parallelism, same digital circuitry on startup | L44: - | P44: overcurrent sensing
C45: TEMP | E45: Failures in common reset logic including reset signals | F45: Table 21 | G45: n/a | H45: n/a | L45: n/a | P45: n/a
C46: TEMP | E46: Failures in power supply elements including power distribution network, common voltage regulators, common references (e.g. band-gaps, bias generators and related network) | F46: Table 21 | G46: no independent bandgaps | H46: voltage faults due to faults in one bandgap | L46: second bandgap | P46: independent bandgap in usage
C47: TEMP | E47: Failures in shared modules (e.g. RAM, Flash, ADC, Timers, DMA, Interrupt Controller, Busses, etc.) | F47: Table 21 | G47: n/a | H47: n/a | L47: n/a | P47: n/a
C48: TEMP | E48: Failures in common clock elements (including PLL, clock trees, clock enable signals, etc.) | F48: Table 21 | G48: n/a | H48: n/a | L48: n/a | P48: n/a
... C70: CP | E70: Shared modules (e.g. RAM, Flash, ADC, Timers, DMA, Interrupt Controller, Busses, etc…) | F70: Table 21 | G70: n/a | H70: n/a | L70: n/a | P70: n/a
C71: LOGIC | E71: Failures in common test logic including DFT (Design for Test) signals, scan chains etc., common debug logic including debug routing network (network that provides access to analogue or digital signals or enables reading of digital registers) and trace signals (mechanism to trace one or more signals synchronously, e.g. controlled by triggers or trace clocks and read the result afterwards) | F71: Table 21 | G71: random fault inits DFT circuit | H71: logic works inhibited | L71: DFT hamming coded
C72: LOGIC | E72: Non simultaneous supply switch on, that can cause effects like latch up or high inrush current | F72: Table 21 | G72: startup | H72: n/a | L72: n/a | P72: n/a
C73: LOGIC | E73: Failures in common reset logic including reset signals | F73: Table 21 | G73: n/a | H73: n/a | L73: n/a | P73: n/a
C74: LOGIC | E74: Failures in power supply elements including power distribution network, common voltage regulators, common references (e.g. band-gaps, bias generators and related network) | F74: Table 21 | G74: no independent bandgaps | H74: voltage faults due to faults in one bandgap | L74: second bandgap | P74: overvoltage check by independent bandgap
C75: LOGIC | E75: Failures in shared modules (e.g. RAM, Flash, ADC, Timers, DMA, Interrupt Controller, Busses, etc.) | F75: Table 21 | G75: registers corrupted | H75: registers corrupted show bad content | L75: safety relevant free FF and registers under EDCconrol | P75: EDC for registers
C76: LOGIC | E76: Failures in common clock elements (including PLL, clock trees, clock enable signals, etc.) | F76: Table 21 | G76: wrong frequency | H76: glitches | L76: clock check, latches | P76: clock check
C77: LOGIC | E77: Shared modules (e.g. RAM, Flash, ADC, Timers, DMA, Interrupt Controller, Busses, etc…) | F77: Table 21 | G77: n/a | H77: n/a | L77: n/a | P77: n/a
C78: INTERFACE | E78: Failures in common test logic including DFT (Design for Test) signals, scan chains etc., common debug logic including debug routing network (network that provides access to analogue or digital signals or enables reading of digital registers) and trace signals (mechanism to trace one or more signals synchronously, e.g. controlled by triggers or trace clocks and read the result afterwards) | F78: Table 21 | G78: random fault inits DFT circuit | H78: interface with communication problems | L78: Comminicatoion checks , CRC, parity | P78: CRC on SPI
C79: INTERFACE | E79: Non simultaneous supply switch on, that can cause effects like latch up or high inrush current | F79: Table 21 | G79: startup | H79: no effect, no big parallelism, same digital circuitry on startup | L79: - | P79: overcurrent sensing
C80: INTERFACE | E80: Failures in common reset logic including reset signals | F80: Table 21 | G80: n/a | H80: n/a | L80: n/a | P80: n/a
C81: INTERFACE | E81: Failures in power supply elements including power distribution network, common voltage regulators, common references (e.g. band-gaps, bias generators and related network) | F81: Table 21 | G81: n/a | H81: n/a | L81: n/a | P81: n/a
C82: INTERFACE | E82: Failures in shared modules (e.g. RAM, Flash, ADC, Timers, DMA, Interrupt Controller, Busses, etc.) | F82: Table 21 | G82: n/a | H82: n/a | L82: n/a | P82: n/a
C83: INTERFACE | E83: Failures in common clock elements (including PLL, clock trees, clock enable signals, etc.) | F83: Table 21 | G83: frequency change of clock | H83: frequency change | L83: SPI has clock of master | P83: clock check
... C91: TRIM | E91: Shared modules (e.g. RAM, Flash, ADC, Timers, DMA, Interrupt Controller, Busses, etc…) | F91: Table 21 | G91: shadow registers corrupted | H91: bad configuration | L91: EDC on shadow registers | P91: EDC
C92: SW_BANK_1,2,3,4 | E92: Failures in common test logic including DFT (Design for Test) signals, scan chains etc., common debug logic including debug routing network (network that provides access to analogue or digital signals or enables reading of digital registers) and trace signals (mechanism to trace one or more signals synchronously, e.g. controlled by triggers or trace clocks and read the result afterwards) | F92: Table 21 | G92: random fault inits DFT circuit | H92: switching channels depending on DFT checks | L92: DFT hamming coded
C93: SW_BANK_1,2,3,4 | E93: Non simultaneous supply switch on, that can cause effects like latch up or high inrush current | F93: Table 21 | G93: startup | H93: n/a | L93: n/a | P93: n/a
C94: SW_BANK_1,2,3,4 | E94: Failures in common reset logic including reset signals | F94: Table 21 | G94: n/a | H94: n/a | L94: n/a | P94: n/a
C95: SW_BANK_1,2,3,4 | E95: Failures in power supply elements including power distribution network, common voltage regulators, common references (e.g. band-gaps, bias generators and related network) | F95: Table 21 | G95: no independent bandgaps | H95: voltage faults due to faults in one bandgap | L95: second bandgap | P95: overvoltage check by independent bandgap
C96: SW_BANK_1,2,3,4 | E96: Failures in shared modules (e.g. RAM, Flash, ADC, Timers, DMA, Interrupt Controller, Busses, etc.) | F96: Table 21 | G96: registers corrupted | H96: registers corrupted show bad content | L96: safety relevant free FF and registers under EDCconrol | P96: EDC for registers
C97: SW_BANK_1,2,3,4 | E97: Failures in common clock elements (including PLL, clock trees, clock enable signals, etc.) | F97: Table 21 | G97: n/a | H97: n/a | L97: n/a | P97: n/a
C98: SW_BANK_1,2,3,4 | E98: Shared modules (e.g. RAM, Flash, ADC, Timers, DMA, Interrupt Controller, Busses, etc…) | F98: Table 21 | G98: n/a | H98: n/a | L98: n/a | P98: n/a

Sheet Components IF
